-- phpMyAdmin SQL Dump
-- version 4.9.5
-- https://www.phpmyadmin.net/
--
-- Host: localhost
-- Generation Time: 01 มิ.ย. 2020 เมื่อ 10:21 AM
-- เวอร์ชันของเซิร์ฟเวอร์: 5.6.48-log
-- PHP Version: 5.6.40

SET SQL_MODE = "NO_AUTO_VALUE_ON_ZERO";
SET AUTOCOMMIT = 0;
START TRANSACTION;
SET time_zone = "+00:00";


/*!40101 SET @OLD_CHARACTER_SET_CLIENT=@@CHARACTER_SET_CLIENT */;
/*!40101 SET @OLD_CHARACTER_SET_RESULTS=@@CHARACTER_SET_RESULTS */;
/*!40101 SET @OLD_COLLATION_CONNECTION=@@COLLATION_CONNECTION */;
/*!40101 SET NAMES utf8mb4 */;

--
-- Database: `foodordersystem`
--

-- --------------------------------------------------------

--
-- โครงสร้างตาราง `banks`
--

CREATE TABLE `banks` (
  `bankid` int(5) NOT NULL,
  `bank_name` varchar(50) NOT NULL,
  `bank_status` int(1) NOT NULL,
  `bank_branch` varchar(50) NOT NULL,
  `bank_details` varchar(50) NOT NULL
) ENGINE=InnoDB DEFAULT CHARSET=utf8;

--
-- dump ตาราง `banks`
--

INSERT INTO `banks` (`bankid`, `bank_name`, `bank_status`, `bank_branch`, `bank_details`) VALUES
(1, 'กรุงเทพ', 1, 'เซ็นทรัลลาดพร้าว', 'ทดสอบ'),
(2, 'กรุงไทย', 0, 'ฟิวเจอร์พาร์ครังสิต', '384-2-48484-9'),
(4, 'กสิกรไทย', 1, 'ฟิวเจอร์พาร์ครังสิต', '194-1-43993-1'),
(5, 'ไทยพาณิชย์', 0, 'ฟิวเจอร์พาร์ครังสิต', 'เลขบัญชี 212-1-48485-1'),
(6, 'กรุงเทพ', 0, 'บิ๊กซีสะพานควาย', '422-3-54265-2'),
(7, 'กรุงเทพ', 0, 'ฟิวเจอร์พาร์ครังสิต', '124-6-65455-4'),
(8, 'กสิกรไทย', 0, 'ฟิวเจอร์พาร์ครังสิต', '313-4-48393-1\r\n'),
(9, 'ออมสิน', 1, 'พระสมุทรเจดีย์', '123-3-38383-1');

-- --------------------------------------------------------

--
-- โครงสร้างตาราง `customers`
--

CREATE TABLE `customers` (
  `cusid` int(5) NOT NULL,
  `cus_name` varchar(50) NOT NULL,
  `cus_user` varchar(20) NOT NULL,
  `cus_birth` date DEFAULT NULL,
  `cus_tel` varchar(15) NOT NULL,
  `cus_email` varchar(30) NOT NULL,
  `cus_status` int(1) NOT NULL,
  `cus_password` char(40) NOT NULL,
  `cus_postnum` varchar(5) NOT NULL,
  `cus_address` varchar(100) NOT NULL
) ENGINE=InnoDB DEFAULT CHARSET=utf8;

--
-- dump ตาราง `customers`
--

INSERT INTO `customers` (`cusid`, `cus_name`, `cus_user`, `cus_birth`, `cus_tel`, `cus_email`, `cus_status`, `cus_password`, `cus_postnum`, `cus_address`) VALUES
(2, 'กฤตวัฒน์ บุญชัยวัฒนา', 'tiees288', '0000-00-00', '0841592654', 'tiees288@gmail.com', 0, 'c841d27e9a1400f2bb1cb830667d4f98a2cab659', '10400', '602/1 ถ.พระราม6 สามเสนใน พญาไท กรุงเทพ'),
(10, 'สมใจ ใจดี', 'tiees188', '1995-10-19', '0841382813', 'gkewkfwkef@gmail.com', 0, 'c841d27e9a1400f2bb1cb830667d4f98a2cab659', '10120', 'kwfwkfkewfkwfkewfwe;l'),
(12, 'สมคิด ใจเย็น', 'tiee188', '1994-11-11', '0852848484', 'somkid@gmail.com', 1, '7ff3900aa7317ee9f16dc3e18d52adf2d54e89af', '10120', 'กรุงเทพมหานคร'),
(13, 'สมปอง สองใจ', 'tiee177', '1995-12-11', '0855112142', 'sompong@gmail.com', 0, 'c841d27e9a1400f2bb1cb830667d4f98a2cab659', '10100', 'fkwkfwekfwek'),
(26, 'สมดั่งใจ ซื่อสัตย์', '0813919139', '1978-01-12', '0813919139', 'somdungjai@hotmail.com', 0, '6391159bee4d5c6ba5d17773ded3a73a37302a33', '10112', 'รังสิต'),
(27, 'บุญสม สมบูรณ์', '0821883818', '1997-12-28', '0821883818', 'sombun@gmai.com', 0, '735946114c31d45edd643fd07789474d49d3d1b3', '10111', 'กรุงเทพ'),
(28, 'สมศรี มีตังใช้', '0811222725', '1960-06-15', '0811222725', 's.somsri@hotmail.com', 0, 'b6d52a1a567edc760085dbb07e82aafb30928f7b', '10130', 'อุบลราชธานี'),
(32, 'จักรพัน ช่วยทดสอบ', '0931939191', '1998-01-19', '0931939191', 'jakkapan.test@gmai.com', 1, '3e466b970f58615d31c8bf9ea00e3ae910345425', '10112', 'test'),
(35, 'จักรพันธ์ ชอบท้อแท้', 'jakkapan007', '1997-01-12', '0811282838', 'jakkapan.tortae@hotmail.com', 0, 'e99cf5bf7cc7086b922e77652c2c79394f7bcb4e', '10220', '207/3 หมู4 ต. ในคลองปราปรากด อ. พระสมุทรเจดีย์ จ.สมุทรปราการ'),
(36, 'สมคิด ใจเย็น', '0210300130', '1994-11-11', '0210300130', 'sso2mkid@gmail.com', 0, '53268bf3d4086c6009491831742484018e2ace4a', '10122', 'ลำปาง'),
(39, 'สมศักดิ์ แสนรัก', '0818482842', '1990-02-14', '0818482842', 'somsak@hotmail.com', 0, '64aa749bb5ecf53a72bc2ae91a394463a8d15a23', '10111', 'กรุงเทพ'),
(41, 'ชอบธรรม ไม่โกง', '0811929393', '1954-02-24', '0811929393', 'fkkfdweek@hotmail.com', 0, '7d1064a9f47ab68742eee1139a92d0e5e95dc31f', '10310', 'รังสิต ปทุมธานี'),
(42, 'สมพง มานะสุข', 'nanako', '2007-02-05', '0877071887', 'jakkapan.mali@hotmail.com', 0, 'f7c3bc1d808e04732adf679965ccc34ca7ae3441', '10290', '76/3 หมู่4'),
(43, 'ณัฐชยา แววเหว่า', 'Mook10', '2007-02-06', '0812345678', 'ncywcn@hotmail.com', 0, '7c222fb2927d828af22f592134e8932480637c0d', '11110', 'รังสิตย์ภิรมย์'),
(46, 'Somkanae Yuyongsin', 'nornae23', '1970-01-01', '0830646663', 'solady_naenie@hotmail.com', 0, 'f6ec362b401a5b6a7829e9c1152bea2f5a2da7ee', '10500', '123'),
(47, 'ธีระชัย  แย้มดี', 'gunkun', '1970-01-01', '0631906855', 'gunkun11@hotmail.com', 0, 'f7c3bc1d808e04732adf679965ccc34ca7ae3441', '20822', 'aaaaa'),
(51, 'จักรยึก จักรยัก', '05022541', '1970-01-01', '0869850133', 'kun1234@hotmail.com', 0, 'dd84468b2dd311739439d102a308c77a3519f536', '12054', 'aaaaaaaaaaa'),
(52, 'จักรพันธ์  มะลิแย้ม', '0631906899', '2007-12-31', '0631906899', 'zaza@hotmail.com', 0, '51311af009f1db8b71fcfec43d3097dffc85e4e0', '12090', 'aaaaa'),
(53, 'มะยิแย้ม จิตแจ่มใส่', '0850542313', '2009-03-19', '0850542313', 'konnn@hotmail.com', 0, 'f6b360be3e3529b421fb9139def0db8a93d71371', '20854', '205/3 หมู่4'),
(55, 'จักรพัน ฝันลำเอียง', '0842289293', '1949-03-16', '0842289293', 'jakkapadn.to2rt2ae@hotmail.com', 0, '8b295c6bd7ecab3a1bd69030583b1563f5c2fea2', '10310', 'ท้อแท้ทุกที่'),
(56, 'สามารถ รักโลก', 'tiees278', '1997-10-20', '0811222725', 'tiees278@gmail.com', 0, '7ff3900aa7317ee9f16dc3e18d52adf2d54e89af', '10130', 'กรุงเทพ'),
(57, 'john', 'johnjohn', '2007-12-12', '0888898986', 'john@john.com', 0, '98720f0c84cca93a8daca922504fabfa9429bae4', '72210', 'หฟกหฟกหฟกหฟก'),
(58, 'Thanaphat', 'prapra', '2007-12-04', '0847774487', 'pakka28124@hotmail.co.th', 0, '1f6c3b2c37acc5c769284e60e1b72f688c1d9049', '10110', 'ฟหกฟหกฟห'),
(60, 'สมหมาย ใจกล้า', 'tiees298', '1980-12-31', '0866557788', 'sommai@gmail.com', 0, '7ff3900aa7317ee9f16dc3e18d52adf2d54e89af', '10140', 'รังสิต ปทุมธานี'),
(61, 'นางสายใจ ใจดี', 'tiees268', '1980-07-23', '0817484838', 'saijai.j@hotmail.com', 0, '7ff3900aa7317ee9f16dc3e18d52adf2d54e89af', '10120', 'รังสิต ปทุมธานี'),
(62, 'มะลิแย้ม  จักรพันธ์', 'jakkapan', '1974-10-25', '0847336664', 'looph@hotmail.com', 0, 'dd84468b2dd311739439d102a308c77a3519f536', '10290', '76/3'),
(64, 'Johny Walker', '0837484828', '1961-12-01', '0837484828', 'Johny@gmail.com', 0, '4adaaf06335e3a7feab240e51973488320464a01', '10150', 'Bangkok'),
(67, 'เบ จูฮยอน', 'Maimyyyyy', '1991-01-21', '0822278398', 'Maimyy@hotmail.com', 0, 'd77eb659be084651d02fc84719bef9265e070142', '13160', '55/148 จ.อยุธยา'),
(68, 'ยศกร สุขนิสัย', 'jakkapan22', '0000-00-00', '0844705454', 'koknn@hotmail.com', 0, 'dd84468b2dd311739439d102a308c77a3519f536', '10290', '79/3 หมู่'),
(69, 'krittawat boon', 'krittawat222', '2008-12-25', '0811838381', 'kritta@hotmail.com', 0, 'c841d27e9a1400f2bb1cb830667d4f98a2cab659', '10120', 'กรุงเทพ'),
(70, 'เกาอัด  เสริมดี', 'admin', '0000-00-00', '0863158963', 'koggknn@hotmail.com', 0, 'dd84468b2dd311739439d102a308c77a3519f536', '10290', '77/3'),
(71, 'กิตินันท์ รักยืนยง', 'tiees218', '1984-07-12', '0833313341', 'kitinan@gmail.com', 0, '7ff3900aa7317ee9f16dc3e18d52adf2d54e89af', '10130', 'กรุงเทพมหานคร'),
(72, 'ยศกร เจริญใจ', 'jakkapan111', '2005-07-26', '0877071995', 'zactat@hotmail.com', 0, 'dd84468b2dd311739439d102a308c77a3519f536', '10290', 'สมุทรปราการ'),
(73, 'เบ จูฮยอน', 'irene21', '2008-01-21', '0829194991', 'irene@hotmail.com', 0, '7c222fb2927d828af22f592134e8932480637c0d', '13160', 'กรุงโซล ณ กรุงโซล'),
(74, 'จอห์นนี่ บราโว่', 'jonhjonh', '0000-00-00', '0855995666', 'jonh@jonh.com', 0, '1b5a3dc556beba4752e1a3ea0abebd0825dbe8a6', '72100', 'ไทยแลน์'),
(78, 'Maimyy', 'Maimyyy', '1997-12-28', '0822278398', 'Suphailin.noyk@bumail.net', 1, 'd77eb659be084651d02fc84719bef9265e070142', '13160', '55/148'),
(79, 'ยศกร สาทอง', '12345678', '0000-00-00', '0858057071', 'jakkarpun@hotmail.com', 0, '7c222fb2927d828af22f592134e8932480637c0d', '10290', 'กรุงเทพ'),
(80, 'สมหญิง จริงใจ', 'aa123', '2008-12-01', '0902345677', 'mmmm@hotmail.com', 0, '7c222fb2927d828af22f592134e8932480637c0d', '11140', 'ม.กรุงเทพ'),
(82, 'สมควร ดั่งใจ', 'mook12345', '2008-12-02', '0822222222', 'Natchaya1010@hotmail.com', 0, '7c222fb2927d828af22f592134e8932480637c0d', '12110', 'รังสิต '),
(86, 'ไก่ เกิดก่อน', 'kai002', '1999-01-20', '0987654321', 'kai.001@gmail.com', 0, '01b307acba4f54f55aafc33bb06bbbf6ca803e9a', '67100', 'พลัม คอนโด  67100'),
(90, 'สมชาย มะลิแย้ม', 'gun2563', '0000-00-00', '0858057071', 'jakkapan.mali@bumail.net', 0, 'dd84468b2dd311739439d102a308c77a3519f536', '10120', 'กรุงทพ'),
(103, 'ลูกค้าทั่วไป', 'customers', '1965-06-16', '022711070', '', 0, 'c841d27e9a1400f2bb1cb830667d4f98a2cab659', '10120', 'ข้าง หอแกรนด์โมเดิร์นคอนโด'),
(107, 'ยศกร สาทองทอง', 'mali11', '0000-00-00', '0858057071', 'jakkapan.mali@bumail.net', 0, 'dd84468b2dd311739439d102a308c77a3519f536', '10120', '76/3'),
(122, 'สุไพลิน น้อยคนดี', '0822278399', '1997-12-28', '0822278399', 'Maimiiiii@gimail.com', 0, '9dd19ce7323d79da185ddec68b8f78e19d4501ae', '10120', '22/123 คลองหลวง จ.ปทุมธานี '),
(123, 'จุรินทรี สามสุข', 'tiees228', '1964-06-10', '0855112136', 'jurin.s@hotmail.com', 0, 'c841d27e9a1400f2bb1cb830667d4f98a2cab659', '10410', 'กรุงเทพมหานคร'),
(124, 'ศิริศร มวยงาม', 'jakkapanmali', '0000-00-00', '0852364856', 'yotsakonp@hotmailt.com', 0, 'dd84468b2dd311739439d102a308c77a3519f536', '10120', '76/3'),
(126, 'ดั่งใจ เรียนดี', '0841224282', '0000-00-00', '0841224282', '', 0, '3144693965516a1c0acffff7738152722d94f7cf', '10140', 'กรุงเทพมหานคร'),
(127, 'พุฒิพงศ์ ตั้งใจ', '0841224285', '0000-00-00', '0841224285', '', 0, 'd28e87ae93070b243f6b2fffe16970fa016ccf87', '10140', 'กรุงเทพ'),
(128, 'ราชันย์ บุดดาเลิศ', '0951404002', '0000-00-00', '0951404002', 'rachan.budh@bumail.net', 0, '450fb74d1053cdb91a45872c1b2561ac075fd088', '10120', 'หอกอล์ฟ ปทุมธานี'),
(130, 'Rasita monkolsuntonchot', 'Incee', '1997-04-23', '0855522647', 'ince-za@hotmail.com', 0, '59253e2e53ed0bb205b434c62e5a09c85da482eb', '10120', '412 ซอยนนทรี20 ถนนนนทรี แขวงช่องนนทรี เขตยานนาวา กทม'),
(131, 'สมคะนอ อยู่ในครัว', 'somkanor', '0000-00-00', '0918488488', 'somkanor@gmail.com', 0, '7ff3900aa7317ee9f16dc3e18d52adf2d54e89af', '10310', 'ช่องนนทรี กรุงเทพมหานคร '),
(133, 'ณัฐชยา แววเหว่า', 'film14', '1997-07-10', '0891234567', 'ncywcn@hotmail.com', 0, '01b307acba4f54f55aafc33bb06bbbf6ca803e9a', '12120', 'ม.กรุงเทพ'),
(134, 'Suree', 'abc12', '2008-12-10', '0999999999', 'jkkkj@hotmail.com', 0, '7c222fb2927d828af22f592134e8932480637c0d', '12120', 'Jhhk'),
(136, 'ยศกร สาทองทอง', 'jakkapan2541', '2008-12-18', '0858057071', 'kun2563@hotmail.co.th', 0, 'dd84468b2dd311739439d102a308c77a3519f536', '12120', 'รังสิตภิรมย์'),
(138, 'สมใจนึก สุดใจ', 'mook14', '0000-00-00', '0888888888', 'somja0101@hotmail.com', 0, '7c222fb2927d828af22f592134e8932480637c0d', '12120', 'รังสิต'),
(141, 'ชลิตา เทียนชัย', 'mook00', '2008-12-10', '0888888593', 'natchaya0101@hotmail.com', 0, '7c222fb2927d828af22f592134e8932480637c0d', '12120', 'รังสิต'),
(146, 'สุภาพร ใจดี', 'mmm14', '0000-00-00', '0873452111', 'sai@hotmail.com', 0, '7c222fb2927d828af22f592134e8932480637c0d', '12120', 'รังสิต'),
(148, 'ดวงใจ ใจดี', 'yok10', '0000-00-00', '0856123222', 'deeqw@hotmail.com', 0, '7c222fb2927d828af22f592134e8932480637c0d', '12120', 'รังสิต'),
(151, 'ปริญ ยิ้มแย้ม', 'nana00', '0000-00-00', '0811554058', 'nana@hotmail.com', 0, '7c222fb2927d828af22f592134e8932480637c0d', '12120', 'รังสิต'),
(152, 'พรทิพย์ ใจดี', 'sai11', '0000-00-00', '0856733333', 'nayqq@hotmail.com', 0, '7c222fb2927d828af22f592134e8932480637c0d', '12120', 'รังสิต'),
(153, 'มารีน่า สมใจ', 'mf141', '0000-00-00', '0973444444', 'dee12@hotmail.com', 0, '7c222fb2927d828af22f592134e8932480637c0d', '12120', 'รังสิต'),
(154, 'สุขใจ ดีสุด', 'muk14', '0000-00-00', '0965788888', 'mact@hotmail.com', 0, '7c222fb2927d828af22f592134e8932480637c0d', '12120', 'รังสิต'),
(155, 'พรทิพย์ ใจสุข', 'sim00', '0000-00-00', '0923144444', 'maa@hotmail.com', 0, '7c222fb2927d828af22f592134e8932480637c0d', '12120', 'รังสิต');

-- --------------------------------------------------------

--
-- โครงสร้างตาราง `foods`
--

CREATE TABLE `foods` (
  `foodid` int(5) NOT NULL,
  `food_name` varchar(50) NOT NULL,
  `food_type` int(1) NOT NULL COMMENT 'ประเภทอาหาร',
  `food_price` float(7,2) NOT NULL,
  `food_qty` int(4) NOT NULL COMMENT 'จำนวน',
  `food_count` varchar(30) NOT NULL,
  `food_image` varchar(100) NOT NULL,
  `food_recomend` int(1) NOT NULL DEFAULT '0' COMMENT 'จำนวนการแนะนำ',
  `food_status` int(1) NOT NULL DEFAULT '0'
) ENGINE=InnoDB DEFAULT CHARSET=utf8;

--
-- dump ตาราง `foods`
--

INSERT INTO `foods` (`foodid`, `food_name`, `food_type`, `food_price`, `food_qty`, `food_count`, `food_image`, `food_recomend`, `food_status`) VALUES
(2, 'กะเพราขาหมู', 0, 35.00, 5, 'จาน', 'images/food/กะเพราขาหมู.jpg', 421, 0),
(3, 'ไข่เจียว', 1, 5.00, 50, 'จาน', 'images/food/ไข่เจียว.jpg', 109, 0),
(5, 'คะน้าหมูกรอบ', 0, 35.00, 20, 'จาน', 'images/food/คะน้าหมูกรอบ.jpg', 98, 0),
(6, 'สุกี้น้ำทะเล', 2, 40.00, 19, 'ชาม', 'images/food/สุกี้น้ำทะเล.jpg', 143, 0),
(8, 'สุกี้น้ำหมู', 2, 40.00, 10, 'ชาม', 'images/food/สุกี้น้ำหมู.jpg', 50, 0),
(9, 'หมูทอดกระเทียม', 1, 30.00, 5, 'จาน', 'images/food/หมูทอดกระเทียม.jpg', 16, 0),
(13, 'โค๊ก', 3, 15.00, 50, 'ขวด', 'images/food/โค๊ก.jpg', 44, 0),
(14, 'ผัดซีอิ้ว', 0, 35.00, 20, 'จาน', 'images/food/ผัดซีอิ๊ว.jpg', 8, 0),
(15, 'สุกี้แห้งทะเล', 2, 40.00, 30, 'ชาม', 'images/food/สุกี้แห้งทะเล.jpg', 0, 1),
(16, 'น้ำแดง', 3, 20.00, 30, 'ขวด', 'images/food/น้ำแดง.jpg', 4, 0),
(17, 'คะน้าปลากระป๋อง', 0, 35.00, 25, 'จาน', 'images/food/คะน้าปลากระป๋อง.jpg', 0, 0),
(23, 'กะเพราหมูกรอบ', 0, 35.00, 50, 'จาน', 'images/food/กะเพราหมูกรอบ.jpg', 12, 0),
(24, 'ราดหน้าหมู', 0, 35.00, 30, 'จาน', 'images/food/ราดหน้าหมู.jpg', 19, 0),
(25, 'ปลาหมึกผัดผงกะหรี่', 0, 45.00, 35, 'จาน', 'images/food/ปลาหมึกผัดผงกะหรี่.jpg', 21, 0),
(27, 'กระเจี๊ยบ', 3, 20.00, 20, 'ขวด', 'images/food/กระเจี๊ยบ.jpg', 10, 0),
(29, 'แตงโมปั่น', 3, 35.00, 20, 'แก้ว', 'images/food/น้ำแตงโม.jpg', 13, 0),
(30, 'ชามะลิ', 3, 30.00, 20, 'ขวด', 'images/food/jasmine-tea.jpg', 40, 0),
(31, 'เนสเล่ เพียวไลฟ์', 3, 10.00, 100, 'ขวด', 'images/food/nestle_pure.jpg', 19, 0),
(32, 'ไข่ดาว', 1, 5.00, 20, 'จาน', 'images/food/images_ไข่ดาว.jpeg', 11, 0),
(34, 'กะเพรากุ้ง', 0, 35.00, 35, 'จาน', 'images/food/กะเพรากุ้ง.jpg', 1, 0),
(38, 'ฉู่ฉี่ปลาทู', 0, 120.00, 20, 'จาน', 'images/food/messageImage_1584547179746.jpg', 0, 1),
(40, 'ไข่เจียวระเบิด', 1, 10.00, 3, 'ฟอง', '', 0, 0),
(44, 'น้ำมันเครื่องเก่า', 0, 300.00, 20, 'จาน', 'images/food/20 W-50.jpg', 0, 1),
(45, 'กล้วยปั่น', 3, 25.00, 20, 'แก้ว', 'images/food/กล้วยปั่น.jpeg', 0, 0),
(47, 'กะเพราะขาหมู', 0, 30.00, 500, 'จาน', 'images/food/ผัดกะเพราหมูสับ-1.gif', 0, 0);

-- --------------------------------------------------------

--
-- โครงสร้างตาราง `materialdetails`
--

CREATE TABLE `materialdetails` (
  `matdetailid` int(5) NOT NULL,
  `matdetail_qty` int(3) NOT NULL COMMENT 'จำนวน(ที่มี)',
  `matdetail_status` int(1) NOT NULL COMMENT 'สถานะ',
  `foodid` int(5) NOT NULL,
  `matterialid` int(5) NOT NULL
) ENGINE=InnoDB DEFAULT CHARSET=utf8;

-- --------------------------------------------------------

--
-- โครงสร้างตาราง `materials`
--

CREATE TABLE `materials` (
  `materialid` int(5) NOT NULL,
  `material_name` varchar(50) NOT NULL,
  `material_qty` int(4) NOT NULL,
  `material_count` varchar(30) NOT NULL,
  `material_status` int(1) NOT NULL
) ENGINE=InnoDB DEFAULT CHARSET=utf8;

--
-- dump ตาราง `materials`
--

INSERT INTO `materials` (`materialid`, `material_name`, `material_qty`, `material_count`, `material_status`) VALUES
(1, 'เนื้อกุ้ง', 15, 'ชิ้น', 0),
(2, 'เนื้อหมู', 15, 'ชิ้น', 0),
(3, 'เนื้อไก่', 40, 'ชิ้น', 0),
(5, 'ปลาหมึก', 20, 'กรัม', 1),
(6, 'เห็ดม่วง', 20, 'กรัม', 0),
(7, 'ไก่ยาง', 6, 'ตัว', 0),
(8, 'เนื้อปู', 300, 'กรัม', 1),
(9, 'เห็ดเข็มทอง', 20, 'กรัม', 0),
(14, 'สัปปรด', 20, 'กิโลกรัม', 0);

-- --------------------------------------------------------

--
-- โครงสร้างตาราง `orderdetails`
--

CREATE TABLE `orderdetails` (
  `orderdetid` int(5) UNSIGNED ZEROFILL NOT NULL,
  `orderdet_amount` int(3) NOT NULL COMMENT 'จำนวนอาหารที่สั่ง',
  `orderdet_status` int(1) NOT NULL COMMENT 'สถานะ',
  `orderdet_price` float(7,2) NOT NULL COMMENT 'ราคาที่สั่ง',
  `orderdet_note` varchar(100) NOT NULL COMMENT 'หมายเหตุ',
  `orderid` int(5) UNSIGNED ZEROFILL NOT NULL,
  `foodid` int(5) NOT NULL
) ENGINE=InnoDB DEFAULT CHARSET=utf8;

--
-- dump ตาราง `orderdetails`
--

INSERT INTO `orderdetails` (`orderdetid`, `orderdet_amount`, `orderdet_status`, `orderdet_price`, `orderdet_note`, `orderid`, `foodid`) VALUES
(00001, 1, 1, 35.00, '', 00001, 5),
(00002, 1, 1, 35.00, '', 00002, 2),
(00003, 1, 1, 40.00, '', 00002, 6),
(00004, 1, 1, 40.00, '', 00003, 6),
(00005, 1, 1, 40.00, '', 00004, 6),
(00006, 1, 1, 35.00, '', 00004, 5),
(00007, 1, 1, 40.00, '', 00005, 6),
(00008, 1, 1, 10.00, '', 00005, 31),
(00009, 1, 0, 35.00, '', 00006, 5),
(00010, 1, 0, 35.00, '', 00007, 14),
(00011, 1, 0, 40.00, '', 00008, 6),
(00012, 1, 1, 15.00, '', 00009, 13),
(00013, 1, 1, 35.00, '', 00009, 5),
(00014, 1, 1, 5.00, '', 00009, 3),
(00015, 1, 1, 35.00, '', 00009, 14),
(00016, 1, 1, 40.00, '', 00010, 8),
(00017, 1, 1, 30.00, '', 00010, 9),
(00018, 1, 0, 5.00, '', 00011, 3),
(00019, 1, 0, 40.00, '', 00011, 6),
(00020, 1, 1, 35.00, '', 00012, 5),
(00021, 2, 0, 35.00, '', 00008, 5),
(00022, 4, 1, 30.00, '', 00013, 9),
(00023, 1, 1, 35.00, '', 00013, 2),
(00024, 1, 1, 40.00, '', 00014, 6),
(00025, 2, 1, 30.00, '', 00014, 30),
(00026, 1, 1, 45.00, '', 00015, 25),
(00027, 1, 1, 15.00, '', 00015, 13),
(00028, 1, 0, 40.00, '', 00016, 6),
(00029, 1, 0, 20.00, '', 00016, 27),
(00030, 1, 1, 35.00, '', 00017, 5),
(00033, 1, 0, 35.00, '', 00019, 14),
(00034, 1, 1, 40.00, '', 00020, 8),
(00035, 1, 1, 35.00, '', 00020, 5),
(00036, 1, 1, 40.00, '', 00021, 6),
(00037, 2, 1, 30.00, '', 00021, 30),
(00038, 1, 2, 40.00, '', 00022, 6),
(00039, 1, 1, 30.00, '', 00023, 30),
(00040, 1, 1, 35.00, '', 00024, 2),
(00041, 2, 0, 35.00, '', 00025, 2),
(00042, 2, 0, 40.00, '', 00025, 6),
(00043, 2, 1, 35.00, '', 00026, 2),
(00044, 1, 1, 40.00, '', 00027, 8),
(00045, 1, 0, 35.00, '', 00028, 5),
(00046, 1, 0, 5.00, '', 00028, 3),
(00047, 1, 0, 5.00, '', 00022, 3),
(00048, 1, 0, 35.00, '', 00029, 5),
(00049, 1, 0, 35.00, 'ลดหวาน', 00030, 5),
(00050, 1, 0, 40.00, 'ไม่เผ็ด', 00030, 6),
(00052, 1, 1, 5.00, 'b', 00032, 3),
(00053, 2, 1, 35.00, 'cc\r\nee', 00032, 5),
(00054, 1, 1, 40.00, 'kk', 00032, 6),
(00055, 1, 0, 35.00, '', 00033, 2),
(00056, 2, 1, 35.00, 'หวานน้อย', 00034, 24),
(00057, 1, 1, 35.00, 'เผ็ดมาก', 00034, 5),
(00058, 1, 0, 35.00, '', 00035, 5),
(00059, 2, 0, 40.00, '', 00036, 8),
(00060, 1, 1, 40.00, '', 00037, 6),
(00061, 1, 1, 40.00, '', 00037, 8),
(00065, 1, 1, 45.00, '', 00039, 25),
(00066, 1, 1, 40.00, '', 00039, 6),
(00067, 1, 0, 5.00, '', 00040, 3),
(00068, 1, 0, 35.00, '', 00040, 2),
(00069, 2, 1, 35.00, '', 00041, 5),
(00070, 1, 1, 40.00, '', 00041, 6),
(00071, 2, 0, 35.00, '', 00042, 2),
(00072, 2, 0, 35.00, '', 00043, 2),
(00073, 3, 1, 35.00, '', 00044, 2),
(00074, 1, 0, 35.00, '', 00036, 24),
(00075, 1, 0, 35.00, '', 00045, 5),
(00076, 2, 0, 20.00, '', 00045, 27),
(00077, 1, 0, 40.00, '', 00046, 6),
(00078, 1, 1, 35.00, '', 00047, 2),
(00079, 2, 1, 5.00, '', 00047, 3),
(00080, 1, 1, 35.00, '', 00048, 5),
(00081, 1, 1, 40.00, '', 00049, 6),
(00082, 2, 0, 35.00, '', 00046, 5),
(00083, 1, 1, 45.00, '', 00050, 25),
(00084, 2, 1, 10.00, '', 00050, 31),
(00085, 1, 1, 35.00, '', 00051, 5),
(00086, 1, 1, 40.00, '', 00051, 6),
(00087, 1, 0, 45.00, 'เผ็ดน้อย', 00052, 25),
(00088, 1, 0, 35.00, '', 00052, 14),
(00089, 2, 0, 35.00, '', 00053, 2),
(00090, 2, 0, 40.00, '', 00053, 6),
(00091, 3, 0, 35.00, '', 00054, 2),
(00092, 3, 0, 40.00, '', 00054, 6),
(00093, 2, 0, 35.00, '', 00055, 5),
(00094, 1, 0, 35.00, '', 00055, 2),
(00096, 1, 0, 5.00, '', 00057, 3),
(00097, 1, 0, 35.00, '', 00057, 2),
(00098, 1, 0, 35.00, '', 00058, 2),
(00099, 1, 1, 35.00, '', 00059, 2),
(00100, 1, 0, 35.00, '', 00060, 2),
(00101, 1, 0, 35.00, '', 00061, 5),
(00102, 1, 1, 5.00, '', 00062, 32),
(00103, 1, 0, 5.00, '', 00063, 32),
(00104, 1, 0, 35.00, '', 00063, 23),
(00105, 2, 0, 30.00, '', 00063, 30),
(00106, 1, 1, 40.00, '', 00064, 6),
(00107, 1, 1, 5.00, '', 00064, 3),
(00108, 1, 1, 10.00, '', 00064, 31),
(00109, 1, 1, 40.00, '', 00065, 6),
(00110, 1, 1, 35.00, '', 00066, 5),
(00112, 1, 0, 35.00, '', 00068, 5),
(00113, 1, 0, 35.00, '', 00068, 34),
(00114, 1, 1, 35.00, '', 00069, 2),
(00115, 1, 1, 5.00, '', 00069, 3),
(00116, 2, 1, 5.00, '', 00070, 3),
(00117, 1, 1, 35.00, '', 00070, 5),
(00118, 1, 0, 35.00, '', 00071, 2),
(00119, 2, 0, 35.00, '', 00071, 5),
(00120, 2, 1, 35.00, '', 00072, 5),
(00121, 1, 1, 40.00, '', 00072, 6),
(00122, 1, 1, 5.00, '', 00073, 3),
(00123, 2, 1, 40.00, '', 00073, 6),
(00124, 2, 1, 40.00, '', 00074, 6),
(00125, 1, 1, 20.00, '', 00074, 27),
(00126, 1, 1, 40.00, '', 00075, 6),
(00129, 1, 0, 30.00, '', 00078, 30),
(00130, 2, 0, 35.00, 'พริก 4 เม็ด', 00079, 14),
(00131, 1, 0, 10.00, 'ขอเย็นๆ', 00079, 31),
(00132, 1, 0, 40.00, '', 00080, 6),
(00133, 1, 0, 35.00, '', 00080, 14),
(00134, 1, 1, 40.00, '', 00081, 6),
(00135, 1, 1, 35.00, '', 00081, 2),
(00136, 2, 0, 40.00, '', 00082, 6),
(00137, 1, 0, 35.00, '', 00082, 29),
(00138, 1, 0, 35.00, '', 00083, 5),
(00139, 1, 1, 45.00, '', 00084, 25),
(00148, 5, 1, 5.00, '', 00090, 3),
(00149, 1, 0, 35.00, '', 00091, 2),
(00150, 2, 0, 35.00, '', 00091, 5),
(00151, 5, 0, 35.00, '', 00092, 2),
(00152, 1, 0, 35.00, '', 00092, 5),
(00153, 1, 0, 5.00, '', 00093, 3),
(00155, 6, 0, 40.00, 'เผ็ด', 00095, 6),
(00156, 1, 1, 35.00, '', 00096, 5),
(00157, 2, 1, 10.00, '', 00096, 31),
(00158, 1, 0, 40.00, '', 00097, 6),
(00159, 1, 0, 35.00, '', 00098, 5),
(00160, 1, 1, 35.00, '', 00099, 5),
(00161, 1, 1, 35.00, 'เผ็ดมาก', 00100, 5),
(00162, 1, 1, 35.00, 'เผ็ดน้อย', 00100, 2),
(00163, 1, 0, 5.00, '', 00101, 3),
(00164, 2, 0, 40.00, '', 00101, 6),
(00165, 1, 0, 35.00, '', 00102, 5),
(00170, 3, 1, 40.00, '', 00108, 8),
(00171, 1, 1, 5.00, '', 00109, 3),
(00172, 1, 1, 45.00, '', 00110, 25),
(00173, 1, 1, 40.00, '', 00109, 6),
(00174, 1, 1, 35.00, '', 00108, 2),
(00175, 1, 0, 35.00, '', 00111, 2),
(00176, 2, 0, 35.00, '', 00112, 2),
(00177, 1, 1, 35.00, '', 00113, 5),
(00178, 1, 0, 35.00, '', 00114, 5),
(00179, 1, 0, 45.00, '', 00114, 25),
(00180, 1, 1, 35.00, '', 00115, 5),
(00181, 1, 1, 35.00, '', 00116, 2),
(00182, 1, 0, 35.00, '', 00117, 5),
(00183, 1, 2, 10.00, '', 00117, 31),
(00184, 1, 0, 45.00, '', 00117, 25),
(00185, 1, 2, 15.00, '', 00118, 13),
(00186, 2, 0, 40.00, '\n', 00118, 6),
(00187, 3, 0, 35.00, '', 00119, 5),
(00188, 2, 0, 5.00, '', 00119, 3),
(00189, 1, 1, 40.00, '', 00120, 6),
(00190, 1, 1, 5.00, '', 00120, 3),
(00191, 2, 1, 30.00, '', 00120, 30),
(00192, 1, 2, 5.00, '', 00121, 3),
(00193, 1, 0, 35.00, '', 00121, 5),
(00194, 4, 1, 35.00, '', 00122, 2),
(00195, 4, 1, 40.00, '', 00122, 8),
(00196, 5, 1, 40.00, 'เผ็ดมาก\r\n', 00123, 6),
(00197, 2, 1, 40.00, 'เผ็ดน้อย', 00123, 8),
(00198, 1, 1, 30.00, '', 00123, 30),
(00199, 2, 0, 40.00, '', 00121, 6),
(00200, 1, 1, 35.00, '', 00124, 2),
(00201, 1, 1, 40.00, '', 00124, 6),
(00202, 1, 1, 35.00, '', 00125, 5),
(00203, 1, 1, 5.00, '', 00125, 3),
(00204, 2, 1, 35.00, '', 00126, 2),
(00205, 2, 1, 20.00, '', 00126, 16),
(00206, 3, 1, 40.00, '', 00127, 6),
(00207, 1, 1, 35.00, '', 00128, 5),
(00208, 2, 0, 35.00, '', 00129, 2),
(00209, 2, 0, 5.00, '', 00129, 3),
(00210, 1, 1, 40.00, '', 00130, 6),
(00211, 1, 1, 35.00, '', 00130, 24),
(00212, 1, 1, 35.00, '', 00131, 24),
(00213, 1, 1, 35.00, '', 00131, 5),
(00214, 2, 0, 35.00, '', 00132, 2),
(00215, 1, 0, 5.00, '', 00132, 3),
(00216, 1, 0, 5.00, '', 00133, 32),
(00217, 2, 0, 35.00, '', 00133, 24),
(00218, 1, 0, 35.00, '', 00134, 24),
(00219, 1, 0, 40.00, '', 00134, 6),
(00220, 1, 0, 35.00, '', 00135, 5),
(00221, 4, 0, 35.00, '', 00136, 2),
(00222, 1, 0, 35.00, '', 00137, 2),
(00223, 1, 1, 35.00, '', 00138, 5),
(00224, 2, 1, 40.00, '', 00138, 6),
(00225, 1, 1, 10.00, '', 00138, 31),
(00226, 1, 1, 35.00, '', 00139, 5),
(00227, 6, 0, 35.00, '', 00140, 2),
(00228, 1, 1, 35.00, '', 00141, 2),
(00229, 1, 1, 35.00, '', 00142, 2),
(00230, 5, 0, 40.00, '', 00143, 6),
(00231, 6, 1, 35.00, '', 00144, 2),
(00232, 1, 0, 35.00, '', 00145, 2),
(00233, 1, 1, 35.00, '', 00146, 2),
(00234, 3, 0, 35.00, '', 00147, 2),
(00235, 3, 1, 40.00, '', 00148, 6),
(00236, 4, 1, 35.00, '\n', 00148, 5),
(00237, 1, 0, 40.00, '', 00149, 8),
(00238, 1, 0, 40.00, '', 00149, 6),
(00239, 4, 1, 35.00, 'ไม่ใส่กระเทียม', 00150, 5),
(00240, 2, 0, 40.00, '', 00147, 8),
(00241, 1, 1, 35.00, '', 00151, 5),
(00242, 2, 0, 40.00, '', 00152, 8),
(00243, 2, 0, 10.00, '', 00152, 31);

-- --------------------------------------------------------

--
-- โครงสร้างตาราง `orders`
--

CREATE TABLE `orders` (
  `orderid` int(5) UNSIGNED ZEROFILL NOT NULL COMMENT 'รหัสการสั่ง',
  `orderdate` datetime NOT NULL COMMENT 'วัน/เวลาที่สั่ง',
  `order_date_tobedelivery` date NOT NULL COMMENT 'วันกำหนดส่ง',
  `order_time_tobedelivery` time NOT NULL COMMENT 'เวลากำหนดส่ง',
  `order_date_delivered` date NOT NULL COMMENT 'วันที่ส่ง',
  `order_time_delivered` time NOT NULL COMMENT 'เวลาส่ง',
  `order_delivery_place` varchar(100) NOT NULL COMMENT 'สถานที่ส่ง',
  `order_status` int(1) NOT NULL COMMENT 'สถานะการสั่ง',
  `order_type` int(1) NOT NULL COMMENT 'ประเภทการสั่ง',
  `order_totalprice` float(7,2) NOT NULL COMMENT 'ราคารวม',
  `order_evidence` varchar(100) NOT NULL COMMENT 'หลักฐานการชำระ',
  `order_evidence_date` datetime NOT NULL,
  `tables_no` int(5) DEFAULT NULL,
  `payno` int(5) UNSIGNED ZEROFILL DEFAULT NULL,
  `payno_cancel` int(5) UNSIGNED ZEROFILL DEFAULT NULL COMMENT 'ใบเสร็จที่ถูกยกเลิก',
  `cusid` int(5) NOT NULL,
  `reserv_id` int(5) UNSIGNED ZEROFILL DEFAULT NULL
) ENGINE=InnoDB DEFAULT CHARSET=utf8;

--
-- dump ตาราง `orders`
--

INSERT INTO `orders` (`orderid`, `orderdate`, `order_date_tobedelivery`, `order_time_tobedelivery`, `order_date_delivered`, `order_time_delivered`, `order_delivery_place`, `order_status`, `order_type`, `order_totalprice`, `order_evidence`, `order_evidence_date`, `tables_no`, `payno`, `payno_cancel`, `cusid`, `reserv_id`) VALUES
(00001, '2020-02-18 15:18:00', '2020-02-19', '12:30:00', '2020-02-19', '12:30:00', 'kwfwkfkewfkwfkewfwe;l 10120', 2, 0, 35.00, '', '0000-00-00 00:00:00', NULL, 00002, NULL, 10, NULL),
(00002, '2020-02-18 15:19:00', '2020-02-18', '16:00:00', '2020-02-18', '16:00:00', '77/3 10290', 2, 2, 75.00, 'images/pay_evidence/00002_2020-02-18_รูป.jpg', '2020-02-18 15:20:00', NULL, 00001, NULL, 70, NULL),
(00003, '2020-02-18 15:23:00', '2020-02-20', '12:30:00', '2020-02-20', '12:30:00', 'กรุงเทพ 10111', 2, 0, 40.00, '', '0000-00-00 00:00:00', NULL, 00004, NULL, 39, NULL),
(00004, '2020-02-18 15:26:00', '0000-00-00', '00:00:00', '0000-00-00', '00:00:00', 'kwfwekfwekf 10222', 2, 1, 40.00, '', '0000-00-00 00:00:00', 10, 00005, NULL, 35, NULL),
(00005, '2020-02-18 15:35:00', '2020-02-19', '12:30:00', '2020-02-19', '12:30:00', 'กรุงเทพมหานคร 10130', 3, 2, 50.00, 'images/pay_evidence/00005_2020-02-18_สลิป2.jpeg', '2020-02-18 15:39:00', NULL, 00003, NULL, 71, NULL),
(00006, '2020-02-18 16:02:00', '2020-02-20', '12:30:00', '0000-00-00', '00:00:00', 'อุบลราชธานี 10130', 3, 0, 35.00, '', '0000-00-00 00:00:00', NULL, NULL, NULL, 28, NULL),
(00007, '2020-02-18 16:05:00', '2020-02-19', '12:30:00', '0000-00-00', '00:00:00', 'กรุงเทพมหานคร 10130', 1, 2, 35.00, 'images/pay_evidence/00007_2020-02-18_สลิป1.jpg', '2020-02-18 16:05:00', NULL, NULL, NULL, 71, NULL),
(00008, '2020-02-19 16:08:00', '0000-00-00', '00:00:00', '0000-00-00', '00:00:00', 'kwfwekfwekf 10222', 0, 1, 110.00, '', '0000-00-00 00:00:00', 9, NULL, NULL, 35, NULL),
(00009, '2020-02-19 19:55:00', '2020-02-20', '10:55:00', '2020-02-20', '10:55:00', '55/148 13160', 2, 2, 90.00, 'images/pay_evidence/00009_2020-02-18_641F9C11-0C45-4846-8436-C0ACF7C6A306.jpeg', '2020-02-18 19:56:00', NULL, 00009, NULL, 78, NULL),
(00010, '2020-02-19 19:57:00', '2020-02-21', '14:56:00', '2020-02-21', '14:56:00', '55/148 13160', 3, 2, 70.00, 'images/pay_evidence/00010_2020-02-18_B17B1799-20D8-4807-9E44-D8E0806401F1.jpeg', '2020-02-18 19:57:00', NULL, 00006, NULL, 78, NULL),
(00011, '2020-02-18 19:57:00', '2020-02-19', '15:00:00', '0000-00-00', '00:00:00', '76/3 หมู่4 10290', 0, 2, 45.00, '', '0000-00-00 00:00:00', NULL, NULL, NULL, 42, NULL),
(00012, '2020-02-18 20:27:00', '2020-02-19', '12:30:00', '2020-02-19', '12:30:00', 'อุบลราชธานี 10130', 2, 0, 35.00, '', '0000-00-00 00:00:00', NULL, 00007, NULL, 28, NULL),
(00013, '2020-02-19 15:25:00', '2020-02-20', '15:00:00', '2020-02-20', '15:00:00', 'กรุงเทพ 10290', 2, 2, 155.00, 'images/pay_evidence/00013_2020-02-19_รูป.jpg', '2020-02-19 15:26:00', NULL, 00008, NULL, 79, NULL),
(00014, '2020-02-20 09:35:00', '2020-02-20', '12:30:00', '2020-02-20', '12:30:00', '55/148 จ.อยุธยา 13160', 3, 0, 100.00, '', '0000-00-00 00:00:00', NULL, 00010, NULL, 67, NULL),
(00015, '2020-02-20 16:56:00', '2020-02-21', '12:00:00', '2020-02-21', '12:00:00', 'รังสิต ปทุมธานี 10120', 2, 2, 60.00, 'images/pay_evidence/00015_2020-02-20_010049071851071623.jpeg', '2020-02-20 16:56:00', NULL, 00011, NULL, 61, NULL),
(00016, '2020-02-21 16:23:00', '2020-02-24', '10:30:00', '0000-00-00', '00:00:00', 'กรุงเทพ 10130', 1, 2, 60.00, 'images/pay_evidence/00016_2020-02-21_สลิป1.jpg', '2020-02-21 16:23:00', NULL, NULL, NULL, 56, NULL),
(00017, '2020-02-21 20:29:00', '2020-02-24', '13:30:00', '2020-02-24', '13:30:00', 'ลำปาง 10122', 2, 0, 35.00, '', '0000-00-00 00:00:00', NULL, 00012, NULL, 36, NULL),
(00019, '2020-02-24 14:33:00', '2020-02-25', '12:30:00', '0000-00-00', '00:00:00', ' กรุงเทพมหานคร 10220', 3, 0, 35.00, '', '0000-00-00 00:00:00', NULL, NULL, NULL, 35, NULL),
(00020, '2020-02-24 14:37:00', '2020-02-25', '12:30:00', '2020-02-25', '12:30:00', 'กรุงเทพมหานคร 10130', 2, 2, 75.00, 'images/pay_evidence/00020_2020-02-24_สลิป1.jpg', '2020-02-24 14:37:00', NULL, 00013, NULL, 71, NULL),
(00021, '2020-02-24 14:40:00', '2020-02-25', '13:30:00', '2020-02-25', '13:30:00', '602/1 ถ.พระราม6 สามเสนใน พญาไท กรุงเทพ 10400', 2, 0, 100.00, '', '0000-00-00 00:00:00', NULL, 00014, NULL, 2, NULL),
(00022, '2020-02-24 15:40:00', '0000-00-00', '00:00:00', '0000-00-00', '00:00:00', 'kwfwekfwekf 10222', 3, 1, 5.00, '', '0000-00-00 00:00:00', 10, NULL, NULL, 35, NULL),
(00023, '2020-02-24 15:34:00', '0000-00-00', '00:00:00', '0000-00-00', '00:00:00', 'kwfwkfkewfkwfkewfwe;l 10120', 2, 1, 30.00, '', '0000-00-00 00:00:00', 17, 00015, NULL, 10, NULL),
(00024, '2020-02-25 08:19:00', '2020-02-26', '13:00:00', '2020-02-26', '13:26:00', 'aaaaaaaaaaa 12054', 2, 0, 35.00, '', '0000-00-00 00:00:00', NULL, 00016, NULL, 51, NULL),
(00025, '2020-02-25 09:15:00', '2020-02-25', '12:23:00', '0000-00-00', '00:00:00', 'รังสิต  12110', 1, 2, 150.00, 'images/pay_evidence/00025_2020-02-25_สลิป2.jpeg', '2020-02-25 09:17:00', NULL, NULL, NULL, 82, NULL),
(00026, '2020-02-25 09:18:00', '2020-02-26', '12:30:00', '0000-00-00', '00:00:00', 'รังสิต  12110', 2, 2, 70.00, 'images/pay_evidence/00026_2020-02-25_สลิป1.jpg', '2020-02-25 09:18:00', NULL, 00018, NULL, 82, NULL),
(00027, '2020-02-25 10:05:00', '2020-02-26', '09:30:00', '2020-02-26', '09:30:00', 'กรุงเทพ 10111', 2, 0, 40.00, '', '0000-00-00 00:00:00', NULL, 00017, NULL, 27, NULL),
(00028, '2020-02-25 10:07:00', '2020-02-27', '12:30:00', '0000-00-00', '00:00:00', 'รังสิต  12110', 3, 2, 40.00, '', '0000-00-00 00:00:00', NULL, NULL, NULL, 82, NULL),
(00029, '2020-02-25 16:30:00', '2020-02-26', '13:30:00', '0000-00-00', '00:00:00', '602/1 ถ.พระราม6 สามเสนใน พญาไท กรุงเทพ 10400', 3, 2, 35.00, '', '0000-00-00 00:00:00', NULL, NULL, NULL, 2, NULL),
(00030, '2020-02-25 16:30:00', '2020-02-26', '11:00:00', '0000-00-00', '00:00:00', '602/1 ถ.พระราม6 สามเสนใน พญาไท กรุงเทพ 10400', 3, 2, 75.00, '', '0000-00-00 00:00:00', NULL, NULL, NULL, 2, NULL),
(00032, '2020-02-26 19:04:00', '0000-00-00', '00:00:00', '0000-00-00', '00:00:00', 'รังสิต 10112', 2, 1, 45.00, '', '0000-00-00 00:00:00', 15, 00019, NULL, 26, 00042),
(00033, '2020-02-27 10:44:00', '2020-02-27', '17:00:00', '0000-00-00', '00:00:00', '123 10500', 0, 2, 35.00, '', '0000-00-00 00:00:00', NULL, NULL, NULL, 46, NULL),
(00034, '2020-02-28 11:44:00', '0000-00-00', '00:00:00', '0000-00-00', '00:00:00', 'กรุงเทพ 10111', 2, 1, 105.00, '', '0000-00-00 00:00:00', 18, 00020, NULL, 39, NULL),
(00035, '2020-02-28 12:23:00', '0000-00-00', '00:00:00', '0000-00-00', '00:00:00', 'รังสิตย์ภิรมย์ 11110', 3, 1, 35.00, '', '0000-00-00 00:00:00', 13, NULL, NULL, 43, NULL),
(00036, '2020-02-28 12:24:00', '2020-02-29', '13:30:00', '2020-02-29', '13:30:00', 'อุบลราชธานี 10130', 3, 0, 115.00, '', '0000-00-00 00:00:00', NULL, NULL, NULL, 28, NULL),
(00037, '2020-02-28 17:00:00', '2020-02-29', '13:30:00', '2020-02-29', '13:30:00', 'กรุงเทพ 10130', 2, 2, 80.00, 'images/pay_evidence/00037_2020-02-28_สลิป1.jpg', '2020-02-28 17:00:00', NULL, 00021, NULL, 56, NULL),
(00039, '2020-03-01 19:09:00', '2020-03-02', '17:30:00', '2020-03-02', '17:30:00', '602/1 ถ.พระราม6 สามเสนใน พญาไท กรุงเทพ 10400', 2, 2, 85.00, 'images/pay_evidence/00039_2020-02-29_สลิป2.jpeg', '2020-03-01 19:09:00', NULL, 00023, NULL, 2, NULL),
(00040, '2020-03-02 12:41:00', '2020-03-06', '12:30:00', '0000-00-00', '00:00:00', '602/1 ถ.พระราม6 สามเสนใน พญาไท กรุงเทพ 10400', 3, 2, 40.00, '', '0000-00-00 00:00:00', NULL, NULL, NULL, 2, NULL),
(00041, '2020-03-02 13:55:00', '2020-03-07', '12:30:00', '2020-03-07', '12:30:00', 'A7-203 มหาวิทยาลัยกรุงเทพ 10120', 2, 2, 110.00, 'images/pay_evidence/00041_2020-03-02_สลิป1.jpg', '2020-03-02 13:56:00', NULL, 00024, NULL, 2, NULL),
(00042, '2020-03-02 15:52:00', '2020-03-03', '11:06:00', '0000-00-00', '00:00:00', 'หอวิว 10120', 3, 2, 70.00, 'images/pay_evidence/00042_2020-03-02_642806-img-1353460959-1.jpg', '2020-03-02 15:54:00', NULL, NULL, NULL, 86, NULL),
(00043, '2020-03-02 15:59:00', '2020-03-03', '11:30:00', '0000-00-00', '00:00:00', 'หอวิว 10120', 3, 2, 70.00, 'images/pay_evidence/00043_2020-03-02_642806-img-1353460959-1.jpg', '2020-03-02 16:00:00', NULL, NULL, NULL, 86, NULL),
(00044, '2020-03-04 22:00:00', '2020-03-05', '15:00:00', '2020-03-05', '15:00:00', '77/3 10120', 2, 2, 105.00, 'images/pay_evidence/00044_2020-03-04_รูป.jpg', '2020-03-04 22:01:00', NULL, 00025, NULL, 70, NULL),
(00045, '2020-03-07 12:09:00', '2020-03-10', '12:30:00', '0000-00-00', '00:00:00', 'รังสิต ปทุมธานี 10120', 3, 2, 75.00, '', '0000-00-00 00:00:00', NULL, NULL, NULL, 60, NULL),
(00046, '2020-03-07 12:11:00', '2020-03-11', '13:30:00', '2020-03-10', '13:30:00', 'A7 มหาวิทยาลัยกรุงเทพ 10120', 3, 0, 110.00, '', '0000-00-00 00:00:00', NULL, NULL, NULL, 27, NULL),
(00047, '2020-03-07 12:49:00', '2020-03-09', '16:00:00', '2020-03-09', '16:00:00', '76/3 หมู่4 10120', 2, 2, 45.00, 'images/pay_evidence/00047_2020-03-07_รูป.jpg', '2020-03-07 12:50:00', NULL, 00026, NULL, 42, NULL),
(00048, '2020-03-10 09:54:00', '0000-00-00', '00:00:00', '0000-00-00', '00:00:00', 'กรุงเทพ 10111', 2, 1, 35.00, '', '0000-00-00 00:00:00', 16, 00029, NULL, 27, NULL),
(00049, '2020-03-10 10:16:00', '2020-03-12', '13:30:00', '2020-03-12', '13:30:00', 'อุบลราชธานี 10120', 2, 0, 40.00, '', '0000-00-00 00:00:00', NULL, 00027, NULL, 28, NULL),
(00050, '2020-03-14 15:20:00', '2020-03-16', '13:30:00', '2020-03-16', '13:30:00', 'รังสิตภิรมย์ 10120', 2, 2, 65.00, 'images/pay_evidence/00050_2020-03-14_สลิป2.jpeg', '2020-03-14 15:20:00', NULL, 00028, NULL, 27, NULL),
(00051, '2020-03-16 14:06:00', '0000-00-00', '00:00:00', '0000-00-00', '00:00:00', 'ข้าง หอแกรนด์โมเดิร์นคอนโด 10120', 2, 1, 75.00, '', '0000-00-00 00:00:00', 18, 00031, NULL, 103, NULL),
(00052, '2020-03-16 21:09:00', '2020-03-18', '12:30:00', '2020-03-21', '12:34:00', 'หอกอล์ฟ รังสิต ชั้น  5 10120', 3, 0, 80.00, '', '0000-00-00 00:00:00', NULL, NULL, NULL, 107, NULL),
(00053, '2020-03-16 21:10:00', '2020-03-17', '15:00:00', '0000-00-00', '00:00:00', '77/3 10120', 1, 2, 150.00, 'images/pay_evidence/00053_2020-03-16_รูป.jpg', '2020-03-16 21:10:00', NULL, NULL, NULL, 70, NULL),
(00054, '2020-03-16 21:13:00', '2020-03-17', '15:00:00', '0000-00-00', '00:00:00', '76/3 หมู่4 10120', 0, 2, 225.00, '', '0000-00-00 00:00:00', NULL, NULL, NULL, 42, NULL),
(00055, '2020-03-17 09:17:00', '2020-03-18', '12:00:00', '0000-00-00', '00:00:00', 'กรุงเทพมหานคร 10120', 3, 2, 105.00, '', '0000-00-00 00:00:00', NULL, NULL, NULL, 71, NULL),
(00057, '2020-03-21 14:28:00', '0000-00-00', '00:00:00', '0000-00-00', '00:00:00', '602/1 ถ.พระราม6 สามเสนใน พญาไท กรุงเทพ 10400', 3, 1, 40.00, '', '0000-00-00 00:00:00', 10, NULL, NULL, 2, 00057),
(00058, '2020-03-21 14:36:00', '0000-00-00', '00:00:00', '0000-00-00', '00:00:00', '602/1 ถ.พระราม6 สามเสนใน พญาไท กรุงเทพ 10400', 3, 1, 35.00, '', '0000-00-00 00:00:00', 13, NULL, NULL, 2, 00057),
(00059, '2020-03-21 14:41:00', '0000-00-00', '00:00:00', '0000-00-00', '00:00:00', '602/1 ถ.พระราม6 สามเสนใน พญาไท กรุงเทพ 10400', 2, 1, 35.00, '', '0000-00-00 00:00:00', 15, 00033, NULL, 2, NULL),
(00060, '2020-03-21 14:42:00', '0000-00-00', '00:00:00', '0000-00-00', '00:00:00', '602/1 ถ.พระราม6 สามเสนใน พญาไท กรุงเทพ 10400', 3, 1, 35.00, '', '0000-00-00 00:00:00', 22, NULL, NULL, 2, 00057),
(00061, '2020-03-22 14:24:00', '2020-03-26', '14:30:00', '0000-00-00', '00:00:00', 'หอกอล์ฟ ปทุมธานี 10120', 0, 0, 35.00, '', '0000-00-00 00:00:00', NULL, NULL, NULL, 128, NULL),
(00062, '2020-03-22 14:25:00', '2020-03-26', '12:30:00', '2020-03-27', '12:30:00', 'ลำปาง 10120', 2, 0, 5.00, '', '0000-00-00 00:00:00', NULL, 00034, NULL, 36, NULL),
(00063, '2020-03-22 16:36:00', '2020-03-27', '14:20:00', '0000-00-00', '00:00:00', 'มหาวิทยาลับกรุงเทพ A7 10120', 0, 0, 100.00, '', '0000-00-00 00:00:00', NULL, NULL, NULL, 107, NULL),
(00064, '2020-03-23 11:16:00', '0000-00-00', '00:00:00', '0000-00-00', '00:00:00', '76/3 10120', 2, 1, 55.00, '', '0000-00-00 00:00:00', 18, 00040, 00036, 124, NULL),
(00065, '2020-03-24 10:51:00', '0000-00-00', '00:00:00', '0000-00-00', '00:00:00', 'fkwkfwekfwek 10100', 2, 1, 40.00, '', '0000-00-00 00:00:00', 10, 00038, 00037, 13, NULL),
(00066, '2020-03-24 11:03:00', '2020-03-26', '13:30:00', '2020-03-26', '13:30:00', 'ข้าง หอแกรนด์โมเดิร์นคอนโด 10120', 2, 0, 35.00, '', '0000-00-00 00:00:00', NULL, 00039, NULL, 103, NULL),
(00068, '2020-03-24 20:09:00', '2020-03-26', '12:30:00', '2020-04-10', '12:30:00', 'กรุงเทพ 10120', 0, 0, 70.00, '', '0000-00-00 00:00:00', NULL, NULL, NULL, 27, NULL),
(00069, '2020-03-24 20:46:00', '2020-03-25', '15:00:00', '2020-03-25', '15:00:00', '602/1 ถ.พระราม6 สามเสนใน พญาไท กรุงเทพ 10120', 2, 0, 40.00, '', '0000-00-00 00:00:00', NULL, 00041, NULL, 2, NULL),
(00070, '2020-03-24 20:51:00', '0000-00-00', '00:00:00', '0000-00-00', '00:00:00', 'กรุงเทพ 10111', 2, 1, 45.00, '', '0000-00-00 00:00:00', 13, 00043, 00042, 27, NULL),
(00071, '2020-03-25 15:19:00', '2020-03-25', '15:30:00', '2020-03-25', '15:30:00', 'ม. กรุงเทพ\r\n\r\n 10120', 3, 0, 105.00, '', '0000-00-00 00:00:00', NULL, NULL, NULL, 71, NULL),
(00072, '2020-04-06 13:30:00', '0000-00-00', '00:00:00', '0000-00-00', '00:00:00', 'ข้าง หอแกรนด์โมเดิร์นคอนโด 10120', 2, 1, 110.00, '', '0000-00-00 00:00:00', 18, 00045, 00044, 103, NULL),
(00073, '2020-04-07 15:23:00', '2020-04-08', '15:00:00', '2020-04-14', '15:00:00', '77/3 10120', 2, 2, 85.00, 'images/pay_evidence/00073_2020-04-07_รูป.jpg', '2020-04-07 15:31:00', NULL, 00046, NULL, 70, NULL),
(00074, '2020-04-08 11:13:00', '0000-00-00', '00:00:00', '0000-00-00', '00:00:00', 'kwfwekfwekf 10222', 2, 1, 100.00, '', '0000-00-00 00:00:00', 18, 00047, NULL, 35, NULL),
(00075, '2020-04-09 11:56:00', '2020-04-09', '13:30:00', '2020-04-09', '13:30:00', '22/123 คลองหลวง จ.ปทุมธานี  10120', 2, 0, 40.00, '', '0000-00-00 00:00:00', NULL, 00048, NULL, 122, NULL),
(00078, '2020-04-09 16:22:00', '2020-04-10', '16:22:00', '0000-00-00', '00:00:00', '412 ซอยนนทรี20 ถนนนนทรี แขวงช่องนนทรี เขตยานนาวา กทม 10120', 3, 2, 30.00, '', '0000-00-00 00:00:00', NULL, NULL, NULL, 130, NULL),
(00079, '2020-04-10 11:29:00', '0000-00-00', '00:00:00', '0000-00-00', '00:00:00', '79/3 หมู่ 10290', 3, 1, 80.00, '', '0000-00-00 00:00:00', 26, NULL, NULL, 68, 00063),
(00080, '2020-04-10 11:39:00', '2020-04-13', '13:30:00', '2020-04-13', '13:30:00', 'กรุงทพ 10120', 3, 0, 75.00, '', '0000-00-00 00:00:00', NULL, NULL, NULL, 90, NULL),
(00081, '2020-04-10 13:37:00', '2020-04-11', '12:00:00', '2020-04-11', '12:00:00', '77/3 10120', 2, 2, 75.00, 'images/pay_evidence/00081_2020-04-10_รูป.jpg', '2020-04-10 13:40:00', NULL, 00049, NULL, 70, NULL),
(00082, '2020-04-10 13:39:00', '2020-04-11', '13:00:00', '0000-00-00', '00:00:00', 'aaaaa 10120', 0, 0, 115.00, '', '0000-00-00 00:00:00', NULL, NULL, NULL, 47, NULL),
(00083, '2020-04-14 12:03:00', '2020-04-14', '13:30:00', '0000-00-00', '00:00:00', 'test 10120', 0, 0, 35.00, '', '0000-00-00 00:00:00', NULL, NULL, NULL, 32, NULL),
(00084, '2020-04-14 12:17:00', '2020-04-16', '13:30:00', '2020-04-16', '13:30:00', 'รังสิตภิรมย์  10120', 2, 2, 45.00, 'images/pay_evidence/00084_2020-04-14_สลิป1.jpg', '2020-04-14 12:17:00', NULL, 00050, NULL, 131, NULL),
(00090, '2020-04-22 14:11:00', '2020-04-23', '12:32:00', '2020-04-23', '12:30:00', 'ม.กรุงเทพ 12120', 2, 2, 25.00, 'images/pay_evidence/00090_2020-04-22_26166291_1864452847179098_7883560739267246924_n.jpg', '2020-04-22 14:15:00', NULL, 00052, NULL, 133, NULL),
(00091, '2020-04-23 11:52:00', '2020-04-24', '15:00:00', '0000-00-00', '00:00:00', '77/3 12120', 3, 2, 105.00, 'images/pay_evidence/00091_2020-04-23_รูป.jpg', '2020-04-23 11:53:00', NULL, NULL, NULL, 70, NULL),
(00092, '2020-04-23 20:57:00', '2020-04-24', '11:01:00', '2020-04-23', '11:06:00', '12120 12120', 0, 0, 210.00, '', '0000-00-00 00:00:00', NULL, NULL, NULL, 10, NULL),
(00093, '2020-04-24 11:08:00', '2020-04-29', '14:56:00', '0000-00-00', '00:00:00', 'Jhhk 12120', 3, 2, 5.00, '', '0000-00-00 00:00:00', NULL, NULL, NULL, 134, NULL),
(00095, '2020-05-01 10:00:00', '2020-05-05', '15:30:00', '0000-00-00', '00:00:00', 'มหาวิทยาลัยกรุงเทพ 12120', 1, 2, 240.00, 'images/pay_evidence/00095_2020-05-01_สลิป1.jpg', '2020-05-01 10:01:00', NULL, NULL, NULL, 2, NULL),
(00096, '2020-05-01 10:16:00', '0000-00-00', '00:00:00', '0000-00-00', '00:00:00', '602/1 ถ.พระราม6 สามเสนใน พญาไท กรุงเทพ 10400', 2, 1, 55.00, '', '0000-00-00 00:00:00', 18, 00053, NULL, 2, NULL),
(00097, '2020-05-01 10:17:00', '0000-00-00', '00:00:00', '0000-00-00', '00:00:00', '602/1 ถ.พระราม6 สามเสนใน พญาไท กรุงเทพ 10400', 3, 1, 40.00, '', '0000-00-00 00:00:00', 13, NULL, NULL, 2, NULL),
(00098, '2020-05-01 10:20:00', '2020-05-04', '16:30:00', '0000-00-00', '00:00:00', '602/1 ถ.พระราม6 สามเสนใน พญาไท กรุงเทพ 12120', 3, 2, 35.00, '', '0000-00-00 00:00:00', NULL, NULL, NULL, 2, NULL),
(00099, '2020-05-01 13:20:00', '0000-00-00', '00:00:00', '0000-00-00', '00:00:00', '602/1 ถ.พระราม6 สามเสนใน พญาไท กรุงเทพ 10400', 2, 1, 35.00, '', '0000-00-00 00:00:00', 18, 00054, NULL, 2, 00069),
(00100, '2020-05-01 13:52:00', '2020-05-02', '15:00:00', '2020-05-02', '15:00:00', 'รังสิตภิรมย์ 12120', 2, 2, 70.00, 'images/pay_evidence/00100_2020-05-01_รูป.jpg', '2020-05-01 13:54:00', NULL, 00055, NULL, 70, NULL),
(00101, '2020-05-01 14:37:00', '0000-00-00', '00:00:00', '0000-00-00', '00:00:00', 'รังสิตภิรมย์ 12120', 3, 1, 85.00, '', '0000-00-00 00:00:00', 10, NULL, NULL, 136, NULL),
(00102, '2020-05-02 21:29:00', '0000-00-00', '00:00:00', '0000-00-00', '00:00:00', '207/3 หมู4 ต. ในคลองปราปรากด อ. พระสมุทรเจดีย์ จ.สมุทรปราการ 10220', 3, 1, 35.00, '', '0000-00-00 00:00:00', 10, NULL, NULL, 35, 00072),
(00108, '2020-05-02 21:40:00', '2020-05-04', '12:30:00', '2020-05-02', '13:30:00', 'กรุงเทพ 12120', 2, 0, 35.00, '', '0000-00-00 00:00:00', NULL, 00056, NULL, 27, NULL),
(00109, '2020-05-02 21:49:00', '0000-00-00', '00:00:00', '0000-00-00', '00:00:00', 'รังสิต 10112', 2, 1, 45.00, '', '0000-00-00 00:00:00', 13, 00056, NULL, 26, NULL),
(00110, '2020-05-02 21:55:00', '2020-05-06', '12:20:00', '2020-05-02', '12:20:00', '602/1 ถ.พระราม6 สามเสนใน พญาไท กรุงเทพ 12120', 2, 2, 45.00, 'images/pay_evidence/00110_2020-05-02_สลิป1.jpg', '2020-05-02 21:59:00', NULL, 00057, NULL, 2, NULL),
(00111, '2020-05-02 22:02:00', '2020-05-05', '11:23:00', '0000-00-00', '00:00:00', '602/1  12120', 3, 0, 35.00, '', '0000-00-00 00:00:00', NULL, NULL, NULL, 2, NULL),
(00112, '2020-05-02 22:42:00', '2020-05-04', '12:00:00', '0000-00-00', '00:00:00', 'ซอยรังสิตภิรมย์ 12120', 3, 0, 70.00, '', '0000-00-00 00:00:00', NULL, NULL, NULL, 13, NULL),
(00113, '2020-05-02 22:43:00', '0000-00-00', '00:00:00', '0000-00-00', '00:00:00', 'รังสิต 10112', 2, 1, 35.00, '', '0000-00-00 00:00:00', 15, 00060, 00058, 26, NULL),
(00114, '2020-05-03 11:36:00', '2020-05-07', '13:30:00', '0000-00-00', '00:00:00', 'ม.กรุงเทพ 12120', 3, 0, 80.00, '', '0000-00-00 00:00:00', NULL, NULL, NULL, 133, NULL),
(00115, '2020-05-03 15:48:00', '2020-05-04', '12:00:00', '2020-05-04', '12:00:00', 'รังสิต 12120', 2, 2, 35.00, 'images/pay_evidence/00115_2020-05-03_10411866_1557250337899352_2672867286742876670_n.jpg', '2020-05-03 15:51:00', NULL, 00061, NULL, 138, NULL),
(00116, '2020-05-03 16:07:00', '2020-05-04', '12:00:00', '2020-05-04', '12:00:00', 'รังสิต 12120', 2, 2, 35.00, 'images/pay_evidence/00116_2020-05-03_รูปสลิป.jpg', '2020-05-03 16:11:00', NULL, 00059, NULL, 138, NULL),
(00117, '2020-05-03 22:09:00', '2020-05-06', '12:40:00', '2020-05-05', '12:40:00', 'มหาวิทยาลัยกรุงเท 12120', 3, 0, 80.00, '', '0000-00-00 00:00:00', NULL, NULL, NULL, 13, NULL),
(00118, '2020-05-04 09:09:00', '0000-00-00', '00:00:00', '0000-00-00', '00:00:00', 'ช่องนนทรี กรุงเทพมหานคร  10310', 3, 1, 80.00, '', '0000-00-00 00:00:00', 18, NULL, NULL, 131, NULL),
(00119, '2020-05-04 09:18:00', '2020-05-04', '13:00:00', '0000-00-00', '00:00:00', 'รังสิตภิรมย์ 12120', 1, 2, 115.00, 'images/pay_evidence/00119_2020-05-04_รูป.jpg', '2020-05-04 09:18:00', NULL, NULL, NULL, 136, NULL),
(00120, '2020-05-04 11:59:00', '0000-00-00', '00:00:00', '0000-00-00', '00:00:00', '207/3 หมู4 ต. ในคลองปราปรากด อ. พระสมุทรเจดีย์ จ.สมุทรปราการ 10220', 2, 1, 105.00, '', '0000-00-00 00:00:00', 18, 00065, 00062, 35, NULL),
(00121, '2020-05-04 12:30:00', '0000-00-00', '00:00:00', '0000-00-00', '00:00:00', 'fkwkfwekfwek 10100', 3, 1, 115.00, '', '0000-00-00 00:00:00', 18, NULL, NULL, 13, NULL),
(00122, '2020-05-04 13:14:00', '2020-05-06', '12:00:00', '2020-05-05', '12:00:00', 'รังสิต 12120', 2, 2, 300.00, 'images/pay_evidence/00122_2020-05-04_รูปสลิป.jpg', '2020-05-04 13:16:00', NULL, 00063, NULL, 141, NULL),
(00123, '2020-05-04 14:13:00', '2020-05-06', '14:30:00', '2020-05-04', '14:45:00', 'มหาวิทยาลัยกรุงเทพรังสิต 12120', 2, 0, 280.00, '', '0000-00-00 00:00:00', NULL, 00064, NULL, 2, NULL),
(00124, '2020-05-04 14:31:00', '0000-00-00', '00:00:00', '0000-00-00', '00:00:00', 'รังสิต 10112', 2, 1, 75.00, '', '0000-00-00 00:00:00', 13, 00064, NULL, 26, NULL),
(00125, '2020-05-04 17:07:00', '0000-00-00', '00:00:00', '0000-00-00', '00:00:00', 'รังสิต 10112', 2, 1, 40.00, '', '0000-00-00 00:00:00', 10, 00066, NULL, 26, NULL),
(00126, '2020-05-05 13:56:00', '2020-05-05', '14:00:00', '0000-00-00', '00:00:00', 'รังสิตภิรมย์ 12120', 2, 2, 110.00, 'images/pay_evidence/00126_2020-05-05_รูป.jpg', '2020-05-05 13:57:00', NULL, 00070, NULL, 136, NULL),
(00127, '2020-05-05 13:59:00', '2020-05-06', '13:30:00', '2020-05-05', '15:00:00', 'fkwkfwekfwek 12120', 2, 0, 120.00, '', '0000-00-00 00:00:00', NULL, 00069, NULL, 13, NULL),
(00128, '2020-05-05 21:21:00', '2020-05-06', '16:30:00', '2020-05-06', '16:30:00', 'รังสิต 12120', 2, 0, 35.00, '', '0000-00-00 00:00:00', NULL, 00067, NULL, 26, NULL),
(00129, '2020-05-06 19:37:00', '2020-05-07', '15:00:00', '0000-00-00', '00:00:00', 'รังสิตภิรมย์ 12120', 3, 2, 80.00, '', '0000-00-00 00:00:00', NULL, NULL, NULL, 136, NULL),
(00130, '2020-05-07 10:33:00', '2020-05-08', '16:30:00', '2020-05-08', '15:30:00', 'รังสิตภิรมย์ 12120', 2, 2, 75.00, 'images/pay_evidence/00130_2020-05-08_สลิป1.jpg', '2020-05-08 16:10:00', NULL, 00068, NULL, 2, NULL),
(00131, '2020-05-12 11:20:00', '2020-05-13', '15:30:00', '2020-05-14', '09:00:00', 'มหาวิทยาลัยกรุงเทพ 12120', 2, 0, 70.00, '', '0000-00-00 00:00:00', NULL, 00071, NULL, 13, NULL),
(00132, '2020-05-14 14:38:00', '2020-05-14', '15:00:00', '2020-05-14', '15:00:00', 'ซอยรังสิตภิรมย์ 12120', 3, 0, 75.00, '', '0000-00-00 00:00:00', NULL, NULL, NULL, 28, NULL),
(00133, '2020-05-14 15:21:00', '2020-05-14', '16:30:00', '0000-00-00', '00:00:00', 'aaaaa 12120', 3, 0, 75.00, '', '0000-00-00 00:00:00', NULL, NULL, NULL, 47, NULL),
(00134, '2020-05-14 19:45:00', '2020-05-16', '15:45:00', '2020-05-18', '12:00:00', 'อุบลราชธานี 12120', 0, 0, 75.00, '', '0000-00-00 00:00:00', NULL, NULL, NULL, 28, NULL),
(00135, '2020-05-18 12:22:00', '2020-05-18', '13:30:00', '2020-05-18', '12:30:00', 'มหาวิทยาลัยกรุงเทพ 12120', 0, 0, 35.00, '', '0000-00-00 00:00:00', NULL, NULL, NULL, 28, NULL),
(00136, '2020-05-18 15:18:00', '2020-05-19', '18:59:00', '0000-00-00', '00:00:00', 'รังสิต 12120', 0, 2, 140.00, '', '0000-00-00 00:00:00', NULL, NULL, NULL, 138, NULL),
(00137, '2020-05-18 15:19:00', '2020-05-22', '19:00:00', '0000-00-00', '00:00:00', 'รังสิต 12120', 0, 2, 35.00, '', '0000-00-00 00:00:00', NULL, NULL, NULL, 138, NULL),
(00138, '2020-05-18 15:49:00', '2020-05-19', '16:30:00', '2020-05-18', '15:50:00', 'มหาวิทยาลัยกรุงเทพ รังสิต 12120', 2, 0, 125.00, '', '0000-00-00 00:00:00', NULL, 00074, NULL, 2, NULL),
(00139, '2020-05-18 15:53:00', '2020-05-18', '16:30:00', '2020-05-18', '15:55:00', 'อุบลราชธานี 12120', 2, 0, 35.00, '', '0000-00-00 00:00:00', NULL, 00072, NULL, 28, NULL),
(00140, '2020-05-18 17:45:00', '2020-05-20', '18:57:00', '0000-00-00', '00:00:00', 'รังสิต 12120', 0, 2, 210.00, '', '0000-00-00 00:00:00', NULL, NULL, NULL, 138, NULL),
(00141, '2020-05-19 14:25:00', '2020-05-19', '14:26:00', '2020-05-19', '14:26:00', 'aaaaaaaaaaa 12120', 2, 0, 35.00, '', '0000-00-00 00:00:00', NULL, 00073, NULL, 51, NULL),
(00142, '2020-05-19 14:57:00', '2020-05-20', '14:57:00', '2020-05-29', '14:50:00', 'รังสิต 12120', 2, 0, 35.00, '', '0000-00-00 00:00:00', NULL, 00079, NULL, 26, NULL),
(00143, '2020-05-30 15:31:00', '2020-05-30', '18:30:00', '0000-00-00', '00:00:00', 'รังสิต 12120', 0, 2, 200.00, '', '0000-00-00 00:00:00', NULL, NULL, NULL, 146, NULL),
(00144, '2020-05-30 16:16:00', '2020-06-02', '16:10:00', '0000-00-00', '00:00:00', 'รังสิต 12120', 2, 2, 210.00, 'images/pay_evidence/00144_2020-05-30_สลิป.jpg', '2020-05-30 16:29:00', NULL, 00077, NULL, 148, NULL),
(00145, '2020-05-30 22:22:00', '2020-06-02', '17:22:00', '0000-00-00', '00:00:00', 'รังสิต 12120', 0, 2, 35.00, '', '0000-00-00 00:00:00', NULL, NULL, NULL, 148, NULL),
(00146, '2020-05-30 22:25:00', '2020-06-02', '15:25:00', '2020-05-30', '15:30:00', 'รังสิต 12120', 2, 2, 35.00, 'images/pay_evidence/00146_2020-05-30_สลิป.jpg', '2020-05-30 22:29:00', NULL, 00076, NULL, 148, NULL),
(00147, '2020-05-30 23:13:00', '2020-06-02', '15:30:00', '0000-00-00', '00:00:00', 'รังสิตภิรมย์ 12120', 0, 0, 185.00, '', '0000-00-00 00:00:00', NULL, NULL, NULL, 2, NULL),
(00148, '2020-05-31 10:27:00', '0000-00-00', '00:00:00', '0000-00-00', '00:00:00', 'รังสิต 10112', 3, 1, 260.00, '', '0000-00-00 00:00:00', 13, 00075, 00075, 26, NULL),
(00149, '2020-05-31 10:52:00', '2020-06-02', '14:30:00', '0000-00-00', '00:00:00', 'มหาวิทยาลัยกรุงเทพ รังสิต 12120', 3, 0, 80.00, '', '0000-00-00 00:00:00', NULL, NULL, NULL, 36, NULL),
(00150, '2020-05-31 11:54:00', '2020-06-02', '15:00:00', '0000-00-00', '00:00:00', 'รังสิต 12120', 2, 2, 140.00, 'images/pay_evidence/00150_2020-05-31_สลิป.jpg', '2020-05-31 11:57:00', NULL, 00078, NULL, 155, NULL),
(00151, '2020-05-31 15:30:00', '0000-00-00', '00:00:00', '0000-00-00', '00:00:00', 'ลำปาง 10122', 0, 1, 35.00, '', '0000-00-00 00:00:00', 15, 00080, 00080, 36, NULL),
(00152, '2020-05-31 22:26:00', '2020-06-02', '16:30:00', '0000-00-00', '00:00:00', 'มหาวิทยาลัยกรุงเทพ รังสิต 12120', 0, 0, 100.00, '', '0000-00-00 00:00:00', 15, NULL, NULL, 2, NULL);

-- --------------------------------------------------------

--
-- โครงสร้างตาราง `payment`
--

CREATE TABLE `payment` (
  `payno` int(5) UNSIGNED ZEROFILL NOT NULL,
  `pay_date` datetime NOT NULL,
  `pay_billdate` datetime NOT NULL,
  `payamount` float(7,2) NOT NULL,
  `pay_type` int(1) NOT NULL,
  `pay_status` int(1) NOT NULL,
  `pay_note` varchar(100) NOT NULL,
  `staffid` int(5) NOT NULL,
  `bankid` int(5) DEFAULT NULL
) ENGINE=InnoDB DEFAULT CHARSET=utf8;

--
-- dump ตาราง `payment`
--

INSERT INTO `payment` (`payno`, `pay_date`, `pay_billdate`, `payamount`, `pay_type`, `pay_status`, `pay_note`, `staffid`, `bankid`) VALUES
(00001, '2020-02-18 15:21:00', '2020-02-18 15:21:43', 75.00, 1, 1, '', 1, 8),
(00002, '2020-02-18 15:22:00', '2020-02-18 15:22:36', 35.00, 0, 1, '', 1, NULL),
(00003, '2020-02-18 15:39:00', '2020-02-18 15:39:29', 50.00, 1, 2, '', 1, 8),
(00004, '2020-02-18 16:03:00', '2020-02-18 16:03:38', 40.00, 1, 1, '', 1, 5),
(00005, '2020-02-18 16:04:00', '2020-02-18 16:04:45', 40.00, 0, 1, '', 1, NULL),
(00006, '2020-02-19 19:59:00', '2020-02-19 19:59:43', 70.00, 1, 2, '', 1, 8),
(00007, '2020-02-19 12:30:00', '0000-00-00 00:00:00', 35.00, 0, 1, '', 1, NULL),
(00008, '2020-02-19 15:27:00', '2020-02-19 15:27:16', 155.00, 1, 1, '', 1, 8),
(00009, '2020-02-19 20:35:00', '0000-00-00 00:00:00', 90.00, 1, 1, '', 1, 8),
(00010, '2020-02-20 16:53:00', '2020-02-20 16:53:40', 100.00, 1, 2, '', 1, 6),
(00011, '2020-02-20 20:51:00', '2020-02-20 20:51:25', 60.00, 1, 1, '', 1, 8),
(00012, '2020-02-24 10:40:00', '2020-02-24 10:41:04', 35.00, 0, 1, '', 1, NULL),
(00013, '2020-02-24 14:39:00', '2020-02-24 14:39:39', 75.00, 1, 1, '', 1, 2),
(00014, '2020-02-24 14:43:00', '2020-02-24 14:43:46', 100.00, 0, 1, '', 1, NULL),
(00015, '2020-02-24 15:35:00', '0000-00-00 00:00:00', 30.00, 0, 1, '', 1, NULL),
(00016, '2020-02-25 08:21:00', '2020-02-25 08:21:18', 35.00, 0, 1, '', 1, NULL),
(00017, '2020-02-25 10:16:00', '2020-02-25 10:16:51', 40.00, 0, 1, '', 1, NULL),
(00018, '2020-02-26 12:29:00', '2020-02-26 12:29:57', 70.00, 1, 1, '', 1, 8),
(00019, '2020-02-28 12:46:00', '2020-02-28 12:47:02', 45.00, 0, 1, '', 1, NULL),
(00020, '2020-02-28 17:00:00', '2020-02-28 17:01:03', 105.00, 0, 1, '', 1, NULL),
(00021, '2020-02-28 17:01:00', '2020-02-28 17:01:36', 80.00, 1, 1, '', 1, 8),
(00023, '2020-03-01 19:09:00', '2020-02-29 19:09:53', 85.00, 1, 1, '', 1, 8),
(00024, '2020-03-02 13:56:00', '2020-03-02 13:56:56', 110.00, 1, 1, '', 1, 8),
(00025, '2020-03-04 22:02:00', '2020-03-04 22:02:12', 105.00, 1, 1, '', 1, 8),
(00026, '2020-03-10 09:53:00', '2020-03-10 09:53:47', 45.00, 1, 1, '', 1, 2),
(00027, '2020-03-12 12:15:00', '2020-03-12 12:16:05', 40.00, 0, 1, '', 1, NULL),
(00028, '2020-03-14 15:49:00', '2020-03-14 15:49:46', 65.00, 0, 1, '', 1, NULL),
(00029, '2020-03-14 15:50:00', '2020-03-14 15:50:32', 35.00, 0, 1, '', 1, NULL),
(00031, '2020-03-17 10:32:00', '2020-03-17 10:32:25', 75.00, 0, 1, '', 1, NULL),
(00033, '2020-03-21 16:18:00', '2020-03-21 16:26:48', 35.00, 0, 1, '', 8, NULL),
(00034, '2020-03-22 15:03:00', '2020-03-22 15:11:32', 5.00, 0, 1, '', 1, NULL),
(00036, '2020-03-23 11:16:00', '2020-03-23 11:16:49', 55.00, 0, 2, '', 1, NULL),
(00037, '2020-03-24 10:52:00', '2020-03-24 10:52:08', 40.00, 0, 2, '', 1, NULL),
(00038, '2020-03-24 10:52:00', '2020-03-24 10:52:25', 40.00, 0, 1, '', 1, NULL),
(00039, '2020-03-24 11:04:00', '2020-03-24 11:04:30', 35.00, 0, 1, '', 1, NULL),
(00040, '2020-03-24 20:46:00', '2020-03-24 20:46:05', 55.00, 0, 1, '', 1, NULL),
(00041, '2020-03-24 20:47:00', '2020-03-24 20:47:53', 40.00, 0, 1, '', 29, NULL),
(00042, '2020-03-24 20:51:00', '2020-03-24 20:51:24', 45.00, 0, 2, '', 29, NULL),
(00043, '2020-03-24 20:59:00', '2020-03-24 20:59:13', 45.00, 0, 1, '', 1, NULL),
(00044, '2020-04-07 13:44:00', '2020-04-07 13:45:01', 110.00, 0, 2, '', 1, NULL),
(00045, '2020-04-07 13:45:00', '2020-04-07 13:45:25', 110.00, 0, 1, '', 1, NULL),
(00046, '2020-04-08 11:12:00', '2020-04-08 11:12:25', 85.00, 1, 1, '', 1, 8),
(00047, '2020-04-08 11:13:00', '2020-04-08 11:13:42', 100.00, 0, 1, '', 1, NULL),
(00048, '2020-04-09 11:57:00', '2020-04-09 11:57:31', 40.00, 0, 1, '', 1, NULL),
(00049, '2020-04-10 13:41:00', '2020-04-10 13:42:07', 75.00, 1, 1, '', 1, 8),
(00050, '2020-04-14 15:00:00', '2020-04-14 15:00:22', 45.00, 1, 1, '', 1, 2),
(00052, '2020-04-23 10:57:00', '2020-04-23 10:57:44', 25.00, 0, 1, '', 1, NULL),
(00053, '2020-05-01 10:16:00', '2020-05-01 10:17:00', 55.00, 0, 1, '', 1, NULL),
(00054, '2020-05-01 13:21:00', '2020-05-01 13:21:14', 35.00, 0, 1, '', 1, NULL),
(00055, '2020-05-01 13:55:00', '0000-00-00 00:00:00', 70.00, 1, 1, '', 1, 8),
(00056, '2020-05-02 22:10:00', '2020-05-20 22:27:55', 80.00, 0, 1, '', 1, NULL),
(00057, '2020-05-02 22:11:00', '2020-05-02 22:11:32', 45.00, 1, 1, '', 1, 2),
(00058, '2020-05-02 22:44:00', '2020-05-02 22:44:26', 35.00, 0, 2, '', 29, NULL),
(00059, '2020-05-03 22:19:00', '2020-05-03 22:19:45', 35.00, 1, 1, '', 1, 5),
(00060, '2020-05-03 22:27:00', '2020-05-03 22:28:07', 35.00, 0, 1, '', 1, NULL),
(00061, '2020-05-03 22:29:00', '2020-05-03 22:29:36', 35.00, 1, 1, '', 1, 8),
(00062, '2020-05-04 12:29:00', '2020-05-04 12:30:01', 105.00, 0, 2, '', 1, NULL),
(00063, '2020-05-04 14:30:00', '2020-05-04 14:30:29', 300.00, 1, 1, '', 1, 5),
(00064, '2020-05-04 14:31:00', '2020-05-04 14:31:25', 355.00, 0, 1, '', 1, NULL),
(00065, '2020-05-04 14:32:00', '2020-05-04 14:32:45', 105.00, 0, 1, '', 1, NULL),
(00066, '2020-05-04 17:07:00', '2020-05-04 17:08:00', 40.00, 0, 1, '', 1, NULL),
(00067, '2020-05-07 10:28:00', '2020-05-07 10:28:33', 35.00, 0, 1, '', 1, NULL),
(00068, '2020-05-08 16:10:00', '2020-05-08 16:10:33', 75.00, 1, 1, '', 1, 8),
(00069, '2020-05-08 16:11:00', '2020-05-08 16:11:39', 120.00, 0, 1, '', 1, NULL),
(00070, '2020-05-08 16:11:00', '2020-05-08 16:11:58', 110.00, 1, 1, '', 1, 8),
(00071, '2020-05-14 10:05:00', '2020-05-20 22:27:39', 70.00, 0, 1, '', 1, NULL),
(00072, '2020-05-18 15:57:00', '2020-05-18 15:57:45', 35.00, 0, 1, '', 1, NULL),
(00073, '2020-05-19 14:26:00', '2020-05-19 14:26:53', 35.00, 1, 1, '', 29, 6),
(00074, '2020-05-19 15:00:00', '2020-05-19 15:00:11', 125.00, 1, 1, '', 29, 8),
(00075, '2020-05-31 10:27:00', '2020-05-31 10:27:58', 75.00, 1, 2, '', 8, 2),
(00076, '2020-05-31 10:48:00', '2020-05-31 10:48:54', 35.00, 0, 1, '', 8, NULL),
(00077, '2020-05-31 10:55:00', '0000-00-00 00:00:00', 210.00, 0, 1, '', 8, NULL),
(00078, '2020-05-31 15:28:00', '0000-00-00 00:00:00', 140.00, 1, 1, '', 1, 2),
(00079, '2020-05-31 15:30:00', '2020-05-31 15:30:11', 35.00, 0, 1, '', 1, NULL),
(00080, '2020-05-31 15:30:00', '2020-05-31 15:30:34', 35.00, 1, 2, '', 1, 5);

-- --------------------------------------------------------

--
-- โครงสร้างตาราง `reservations`
--

CREATE TABLE `reservations` (
  `reserv_id` int(5) UNSIGNED ZEROFILL NOT NULL COMMENT 'รหัสการจอง',
  `reserv_date_appointment` date NOT NULL COMMENT 'วันที่นัด',
  `reserv_time_appointment` time NOT NULL COMMENT 'เวลานัด',
  `reserv_date_reservation` datetime NOT NULL,
  `reserv_status` int(1) NOT NULL,
  `reserv_note` varchar(100) NOT NULL,
  `cusid` int(5) NOT NULL
) ENGINE=InnoDB DEFAULT CHARSET=utf8;

--
-- dump ตาราง `reservations`
--

INSERT INTO `reservations` (`reserv_id`, `reserv_date_appointment`, `reserv_time_appointment`, `reserv_date_reservation`, `reserv_status`, `reserv_note`, `cusid`) VALUES
(00001, '2020-01-03', '11:00:00', '2020-01-02 16:17:00', 1, '', 39),
(00002, '2020-01-03', '12:00:00', '2020-01-02 16:34:00', 2, '', 56),
(00003, '2020-01-03', '11:40:00', '2020-01-02 16:40:00', 1, '', 58),
(00004, '2020-01-07', '15:00:00', '2020-01-02 17:22:00', 1, '', 52),
(00005, '2020-01-06', '12:30:00', '2020-01-02 21:29:00', 1, '', 2),
(00006, '2020-01-06', '12:30:00', '2020-01-03 16:19:00', 2, '', 62),
(00007, '2020-01-06', '11:30:00', '2020-01-04 14:54:00', 1, '', 61),
(00008, '2020-01-09', '13:30:00', '2020-01-05 17:17:00', 1, '', 2),
(00009, '2020-01-08', '13:45:00', '2020-01-07 19:52:00', 2, '', 47),
(00010, '2020-01-11', '13:30:00', '2020-01-07 20:10:00', 1, '', 56),
(00011, '2020-01-09', '13:00:00', '2020-01-09 12:08:00', 1, '', 39),
(00012, '2020-01-10', '11:30:00', '2020-01-09 21:30:00', 1, '', 28),
(00013, '2020-01-15', '13:00:00', '2020-01-10 17:01:00', 2, '', 60),
(00014, '2020-01-16', '12:30:00', '2020-01-13 18:34:00', 1, '', 56),
(00015, '2020-01-17', '15:00:00', '2020-01-15 21:52:00', 2, '', 70),
(00016, '2020-01-23', '15:00:00', '2020-01-22 14:41:00', 1, '', 70),
(00017, '2020-01-24', '13:30:00', '2020-01-22 21:51:00', 1, '', 28),
(00018, '2020-01-28', '11:30:00', '2020-01-24 20:56:00', 1, '', 28),
(00019, '2020-01-27', '13:30:00', '2020-01-26 15:17:00', 2, '', 28),
(00020, '2020-01-28', '11:30:00', '2020-01-27 10:35:00', 1, '', 41),
(00021, '2020-01-28', '14:35:00', '2020-01-27 13:36:00', 1, '', 10),
(00022, '2020-02-03', '11:30:00', '2020-02-01 15:17:00', 1, '', 2),
(00023, '2020-02-04', '13:30:00', '2020-02-02 17:29:00', 1, '', 36),
(00024, '2020-02-04', '11:30:00', '2020-02-03 15:07:00', 1, '', 57),
(00025, '2020-02-08', '10:00:00', '2020-02-08 04:44:00', 2, '', 74),
(00026, '2020-02-08', '10:00:00', '2020-02-08 04:45:00', 1, '', 74),
(00029, '2020-02-10', '14:00:00', '2020-02-09 11:28:00', 1, '', 43),
(00030, '2020-02-12', '13:30:00', '2020-02-09 14:15:00', 2, '', 27),
(00031, '2020-02-12', '12:00:00', '2020-02-11 09:53:00', 2, '', 57),
(00034, '2020-02-14', '11:07:00', '2020-02-13 21:30:00', 1, '', 2),
(00035, '2020-02-14', '11:03:00', '2020-02-13 21:32:00', 2, '', 2),
(00036, '2020-02-17', '13:30:00', '2020-02-14 11:36:00', 1, '', 2),
(00037, '2020-02-17', '12:30:00', '2020-02-14 23:08:00', 1, '', 57),
(00038, '2020-02-17', '16:00:00', '2020-02-16 21:47:00', 2, '', 70),
(00039, '2020-02-19', '12:30:00', '2020-02-17 17:31:00', 1, '', 71),
(00040, '2020-02-24', '15:52:00', '2020-02-23 15:51:00', 2, '', 80),
(00041, '2020-02-25', '12:30:00', '2020-02-24 14:28:00', 2, '', 39),
(00042, '2020-02-26', '12:30:00', '2020-02-24 14:30:00', 1, '', 26),
(00043, '2020-02-26', '13:30:00', '2020-02-25 08:18:00', 1, '', 51),
(00044, '2020-02-25', '15:40:00', '2020-02-25 09:22:00', 1, '', 82),
(00045, '2020-02-25', '13:30:00', '2020-02-25 09:59:00', 1, '', 82),
(00048, '2020-02-27', '14:30:00', '2020-02-26 14:26:00', 1, 'มาสาย 30 นาที', 10),
(00049, '2021-02-28', '15:00:00', '2021-02-26 14:49:00', 2, '', 10),
(00050, '2020-03-03', '11:21:00', '2020-03-02 15:40:00', 1, '', 86),
(00051, '2020-03-07', '11:30:00', '2020-03-04 11:29:00', 1, '', 71),
(00052, '2020-03-07', '15:00:00', '2020-03-04 22:03:00', 1, '', 70),
(00053, '2020-03-09', '12:30:00', '2020-03-06 19:19:00', 1, '', 2),
(00054, '2020-03-12', '13:30:00', '2020-03-11 16:03:00', 1, '', 35),
(00055, '2020-03-13', '14:30:00', '2020-03-12 16:21:00', 2, '', 32),
(00056, '2020-03-19', '12:30:00', '2020-03-15 20:23:00', 2, '', 2),
(00057, '2020-03-25', '12:40:00', '2020-03-21 12:55:00', 1, '', 2),
(00058, '2020-03-24', '13:30:00', '2020-03-22 10:26:00', 2, '', 35),
(00062, '2020-03-26', '13:30:00', '2020-03-25 19:27:00', 0, '', 28),
(00063, '2020-04-10', '15:30:00', '2020-04-10 11:29:00', 1, '', 68),
(00065, '2020-04-24', '17:00:00', '2020-04-22 14:16:00', 0, '', 133),
(00066, '2020-04-24', '11:12:00', '2020-04-24 11:11:00', 2, '', 134),
(00067, '2020-04-29', '11:30:00', '2020-04-24 11:12:00', 1, '', 134),
(00069, '2020-05-04', '15:30:00', '2020-05-01 13:19:00', 1, '', 2),
(00070, '2020-05-02', '15:00:00', '2020-05-01 13:58:00', 2, '', 136),
(00071, '2020-05-07', '12:30:00', '2020-05-02 21:14:00', 1, 'สาย 15 นาที', 46),
(00072, '2020-05-06', '13:30:00', '2020-05-02 21:28:00', 1, '', 35),
(00073, '2020-05-04', '12:00:00', '2020-05-03 15:56:00', 2, '', 138),
(00074, '2020-05-04', '12:00:00', '2020-05-03 16:14:00', 2, 'โต๊ะริม', 138),
(00075, '2020-05-06', '12:30:00', '2020-05-03 22:02:00', 1, '', 122),
(00076, '2020-05-04', '16:30:00', '2020-05-04 09:20:00', 1, '', 2),
(00077, '2020-05-06', '09:50:00', '2020-05-04 13:20:00', 2, 'โต๊ะริม', 141),
(00078, '2020-05-06', '13:00:00', '2020-05-04 14:05:00', 1, '', 10),
(00079, '2020-05-06', '13:00:00', '2020-05-06 12:43:00', 1, '', 27),
(00080, '2020-05-19', '18:59:00', '2020-05-18 15:20:00', 2, '', 138),
(00081, '2020-05-23', '12:30:00', '2020-05-18 15:22:00', 2, '', 138),
(00082, '2020-05-20', '10:55:00', '2020-05-18 15:24:00', 1, '', 138),
(00083, '2020-06-03', '14:30:00', '2020-05-30 16:31:00', 2, 'ต้องการโต๊ะริม', 148),
(00084, '2020-06-03', '15:30:00', '2020-05-30 22:33:00', 1, 'ต้องการโต๊ะริม', 148),
(00085, '2020-06-02', '14:30:00', '2020-05-30 22:39:00', 1, '', 2),
(00086, '2020-06-03', '14:05:00', '2020-05-31 12:01:00', 2, '', 155),
(00087, '2020-06-04', '14:13:00', '2020-05-31 12:11:00', 1, '', 154),
(00088, '2020-06-02', '16:30:00', '2020-05-31 22:09:00', 0, '', 2);

-- --------------------------------------------------------

--
-- โครงสร้างตาราง `reservelist`
--

CREATE TABLE `reservelist` (
  `reservlist_id` int(5) UNSIGNED ZEROFILL NOT NULL,
  `reservlist_amount` int(3) NOT NULL COMMENT 'จำนวนคนจอง',
  `reservlist_status` int(1) NOT NULL COMMENT 'สถานะ',
  `reservlist_note` varchar(100) NOT NULL COMMENT 'หมายเหตุ',
  `reserv_id` int(5) UNSIGNED ZEROFILL NOT NULL,
  `tables_no` int(5) NOT NULL
) ENGINE=InnoDB DEFAULT CHARSET=utf8;

--
-- dump ตาราง `reservelist`
--

INSERT INTO `reservelist` (`reservlist_id`, `reservlist_amount`, `reservlist_status`, `reservlist_note`, `reserv_id`, `tables_no`) VALUES
(00001, 4, 0, '', 00001, 16),
(00002, 6, 2, 'มาคนเดียว', 00002, 17),
(00003, 4, 0, '', 00003, 10),
(00004, 12, 0, '', 00004, 22),
(00005, 6, 0, '', 00005, 15),
(00006, 2, 2, '', 00006, 18),
(00007, 4, 0, '', 00007, 21),
(00008, 2, 0, '', 00008, 9),
(00009, 6, 2, '', 00009, 17),
(00010, 4, 0, '', 00010, 16),
(00011, 6, 0, '', 00011, 17),
(00012, 2, 0, '', 00012, 18),
(00013, 2, 2, 'ทานคนเดียว', 00013, 9),
(00014, 2, 0, '', 00014, 9),
(00015, 12, 2, '', 00015, 22),
(00016, 2, 0, '', 00016, 18),
(00017, 4, 0, '', 00017, 21),
(00018, 2, 0, '', 00018, 18),
(00019, 2, 2, '', 00019, 18),
(00020, 4, 2, '', 00019, 16),
(00021, 2, 0, '', 00020, 18),
(00022, 2, 0, '', 00021, 9),
(00023, 2, 0, '', 00022, 18),
(00024, 6, 0, '', 00023, 17),
(00025, 2, 0, '', 00024, 9),
(00026, 12, 2, '', 00025, 22),
(00027, 12, 0, '', 00026, 22),
(00030, 2, 0, '', 00029, 18),
(00031, 12, 2, '', 00030, 22),
(00032, 12, 2, '', 00031, 22),
(00036, 12, 0, '', 00034, 22),
(00037, 6, 2, '', 00035, 17),
(00038, 4, 2, '', 00035, 16),
(00039, 2, 0, '', 00036, 18),
(00040, 6, 0, '', 00037, 17),
(00041, 2, 2, '', 00038, 18),
(00042, 6, 2, '', 00038, 15),
(00043, 2, 0, '', 00039, 18),
(00044, 12, 2, '', 00040, 22),
(00045, 4, 2, '', 00040, 21),
(00046, 2, 2, '', 00041, 18),
(00047, 2, 0, '', 00042, 18),
(00048, 12, 0, '', 00043, 22),
(00049, 12, 0, 'บริเวณหน้าร้าน', 00044, 22),
(00050, 6, 0, '', 00044, 15),
(00051, 2, 0, 'มาคนเดียว', 00045, 18),
(00055, 4, 0, '', 00048, 21),
(00056, 4, 2, '', 00049, 16),
(00057, 2, 0, '', 00050, 18),
(00058, 12, 0, '', 00050, 22),
(00059, 2, 0, '', 00051, 18),
(00060, 4, 0, '', 00052, 21),
(00061, 2, 0, '', 00053, 18),
(00062, 2, 0, '', 00054, 18),
(00063, 2, 2, '', 00055, 18),
(00064, 2, 2, '', 00056, 18),
(00065, 2, 0, '', 00057, 24),
(00066, 12, 0, '', 00057, 19),
(00067, 4, 2, '', 00058, 21),
(00072, 2, 0, '', 00062, 24),
(00073, 2, 0, '', 00063, 26),
(00075, 12, 0, 'โต๊ะริม', 00065, 22),
(00076, 2, 2, 'โต๊ะริม', 00066, 26),
(00077, 2, 0, '', 00067, 26),
(00079, 2, 0, '', 00069, 18),
(00080, 2, 0, '', 00069, 26),
(00081, 2, 2, '', 00070, 26),
(00082, 2, 0, 'มากับเพื่อน', 00071, 26),
(00083, 2, 0, '', 00072, 26),
(00084, 2, 2, '', 00073, 26),
(00085, 2, 2, '', 00074, 24),
(00086, 2, 0, '', 00075, 26),
(00087, 2, 0, '', 00076, 24),
(00088, 2, 2, '', 00077, 24),
(00089, 4, 2, '', 00077, 21),
(00090, 12, 2, '', 00077, 19),
(00091, 4, 0, '', 00078, 21),
(00092, 2, 0, '', 00079, 24),
(00093, 2, 2, '', 00080, 26),
(00094, 2, 2, '', 00081, 26),
(00095, 2, 0, '', 00082, 26),
(00096, 2, 0, '', 00082, 24),
(00097, 12, 0, '', 00082, 22),
(00098, 6, 2, '', 00083, 17),
(00099, 2, 0, '', 00084, 30),
(00100, 2, 0, '', 00085, 26),
(00101, 4, 2, 'โต๊ะริม', 00086, 21),
(00102, 2, 0, 'โต๊ะริม', 00087, 26),
(00103, 2, 0, '', 00088, 24);

-- --------------------------------------------------------

--
-- โครงสร้างตาราง `staff`
--

CREATE TABLE `staff` (
  `staffid` int(5) NOT NULL,
  `staff_name` varchar(50) NOT NULL,
  `staff_username` varchar(20) NOT NULL,
  `staff_password` char(40) NOT NULL,
  `staff_address` varchar(50) NOT NULL,
  `staff_postnum` varchar(5) NOT NULL,
  `staff_email` varchar(30) NOT NULL,
  `staff_tel` varchar(15) NOT NULL,
  `staff_birth` date NOT NULL,
  `staff_nationid` varchar(13) NOT NULL,
  `staff_level` int(1) NOT NULL,
  `staff_status` int(1) NOT NULL
) ENGINE=InnoDB DEFAULT CHARSET=utf8;

--
-- dump ตาราง `staff`
--

INSERT INTO `staff` (`staffid`, `staff_name`, `staff_username`, `staff_password`, `staff_address`, `staff_postnum`, `staff_email`, `staff_tel`, `staff_birth`, `staff_nationid`, `staff_level`, `staff_status`) VALUES
(1, 'ผู้ดูแลระบบ', 'admin', '7ff3900aa7317ee9f16dc3e18d52adf2d54e89af', 'กรุงเทพมหานคร', '10100', 'admin.foodorder@hotmail.com', '0911911991', '2002-12-04', '1101402158707', 1, 0),
(8, 'กฤตวัฒน์ บุญชัยวัฒนา', 'test_staff', '721ed72add2ef265fb4586615a6ee05aceb72fea', 'กรุงเทพมหานคร', '10120', 'staff@krittawa.com', '0841592644', '1997-10-20', '1101402144444', 0, 0),
(14, 'จักรพัน มะลิไม่แย้ม', '4203113013030', '6a22f3557518abca1fda88e44cbd11306ff1f32e', 'kewfwefkwe', '11110', 'jakkapasn@hotmail.com', '0939193193', '1998-02-05', '4203113013030', 0, 0),
(15, 'ขยัน ตั้งใจ', '1303030032304', '845aacbbffa926425d21bd7c22b8da5bc64c8dfe', 'รังสิต ปทุมธานี', '10210', 'kayun@hotmai.com', '0841139391', '1989-04-12', '1303030032304', 0, 0),
(19, 'ธีรชัย มะลิแย้ม', '1040404020200', 'f21daf57866d04692aafe9edf601be065e30a4d2', 'กรุงเทพมหานคร', '10120', 'teerachai.ma@hotmail.com', '0913818118', '1977-02-10', '1040404020200', 0, 0),
(20, 'ธีรชัย มะลิแย้มแย้ม', '3044939494344', 'bc8189d0706d5e974bb249486813f789e11a6651', 'kewfwkfkew', '10111', 'fwelflew@hotmail.com', '0913818228', '1996-10-20', '3044939494344', 0, 1),
(21, 'สมคะเน อยู่ยงสินธุ์', '1040103113030', '3cfec8c701e34a503950bfad2ffe369144519878', 'กรุงเทพฯ', '10340', 'somkanae.yuyo@bumail.net', '0811929992', '1995-12-23', '1040103113030', 0, 0),
(29, 'แอดมิน ชอบทดสอบ', 'test_admin', '9eac717147af31497c3ba768d00f90ea46807910', 'กรุงเทพมหานคร', '10140', '', '0891111111', '2000-11-30', '', 1, 0),
(30, 'จักรพัน ชอบหาเรื่อง', '4234223224422', '010b6c56166cd5aaa82e81ef255181ca669980be', 'ำดไดไำด', '10120', 'jakkddapan.n@krittawat.com', '0843432010', '2001-06-14', '4234223224422', 1, 0),
(33, 'จักรกฤดิ์ ชอบผิดนัด', '1040949479293', 'cc5fb5adce99cea1dce94c5a64cddce551954ada', 'กรุงเทพมหานคร', '10110', '', '0827561718', '1990-06-13', '1040949479293', 0, 1),
(34, 'มะลิ ยิ้มแย้ม', '1393049498483', '536c6f9bf1cd3854a1ef2434497b9b60a19f89f0', 'จตุจักร กรุงเทพมหานคร', '10200', 'Mali.yim@gmail.com', '0813859594', '1993-11-17', '1393049498483', 0, 0),
(35, 'สุไพลิน น้อยคนดี', '1122222444455', '47a9af7851c1e4e3720423dbb13fbfeb4c21e786', 'เพชรบูรณ์', '40140', 'Suphailin.noyk@bumail.net', '0811222333', '1997-12-28', '1122222444455', 0, 0),
(37, 'ทดสอบ พนักงาน', '1848383848848', '19790b36000e6f7433af5f78f538e19a1c36db4d', 'กรุงเทพมหานคร', '10400', 'Test@krittawat.net', '0828272772', '1985-10-16', '1848383848848', 0, 0),
(39, 'ยศกร สอนอินทร์', '1110502287777', '74c40b89081423cfb1ae1908913c6f65da76e0fe', 'กรุงเทพ         ', '10290', '', '0877071889', '1996-01-30', '1110502287777', 0, 0),
(40, 'จักรพัน มะยิแย้ม', '1048384934939', '884effe01e74e484c4f5ecb6b98bb5afc675e5f0', 'ในความยึกยัก', '10400', 'jakkapan@jakkapan.net', '0818488438', '1959-12-17', '1048384934939', 0, 0),
(42, 'จักรพัน ยิ้มแย้ม', '1049349349439', '0c0416d2eaf602428e096882362dd4f383cad4bd', 'กรุงเทพมหานคร', '10400', '', '0877075213', '2002-12-11', '1049349349439', 0, 0),
(46, 'สุไพลิน น้อยคนดี', '1679900417789', '9bfd86dc66d7ad0e990622401f9fd3abb43ddbb0', '249 อยุธยา ', '13160', 'Suphailin.noyk@bumai.net', '0822278398', '1997-12-28', '1679900417789', 1, 0),
(47, 'ปราสวรรค์ ทองคำ', '1040403044304', '9c1b5861b51bf03a42a7e31a2024f2da01d041bc', 'รังสิตภิรมย์', '10120', 'prasawan.t@hotmail.com', '0811224255', '1994-07-20', '1040403044304', 0, 0),
(49, 'จักรพันธ์ กลุ่มถัดไป', '1394994929299', '1c693e887ca851ab4839e0b93a059f3a12f85a78', 'กรุงเทพมหานคร', '10120', '', '0841993919', '2002-12-18', '1394994929299', 1, 0),
(50, 'พี่เปิ้ล ยิ้มแย้ม', '1040304330430', 'cf557c3de0cd56bec047377033fe36077479cf98', 'รังสิตภิรมย์', '12120', 'ple.y@hotmail.com', '0831949929', '1975-07-16', '1040304330430', 1, 0);

-- --------------------------------------------------------

--
-- โครงสร้างตาราง `tables`
--

CREATE TABLE `tables` (
  `tables_no` int(5) NOT NULL,
  `tables_seats` int(2) NOT NULL,
  `tables_status_reserve` int(1) NOT NULL,
  `tables_status_use` int(1) NOT NULL
) ENGINE=InnoDB DEFAULT CHARSET=utf8;

--
-- dump ตาราง `tables`
--

INSERT INTO `tables` (`tables_no`, `tables_seats`, `tables_status_reserve`, `tables_status_use`) VALUES
(9, 2, 0, 1),
(10, 4, 0, 0),
(13, 6, 0, 0),
(15, 6, 0, 1),
(16, 4, 0, 0),
(17, 6, 0, 0),
(18, 2, 0, 0),
(19, 12, 0, 0),
(21, 4, 0, 0),
(22, 12, 0, 0),
(24, 2, 0, 0),
(26, 2, 0, 0),
(27, 4, 0, 0),
(28, 4, 0, 0),
(29, 4, 0, 0),
(30, 2, 0, 0),
(32, 4, 0, 1);

--
-- Indexes for dumped tables
--

--
-- Indexes for table `banks`
--
ALTER TABLE `banks`
  ADD PRIMARY KEY (`bankid`);

--
-- Indexes for table `customers`
--
ALTER TABLE `customers`
  ADD PRIMARY KEY (`cusid`);

--
-- Indexes for table `foods`
--
ALTER TABLE `foods`
  ADD PRIMARY KEY (`foodid`);

--
-- Indexes for table `materialdetails`
--
ALTER TABLE `materialdetails`
  ADD PRIMARY KEY (`matdetailid`),
  ADD KEY `foodid` (`foodid`),
  ADD KEY `matterialid` (`matterialid`);

--
-- Indexes for table `materials`
--
ALTER TABLE `materials`
  ADD PRIMARY KEY (`materialid`);

--
-- Indexes for table `orderdetails`
--
ALTER TABLE `orderdetails`
  ADD PRIMARY KEY (`orderdetid`),
  ADD KEY `orderid` (`orderid`),
  ADD KEY `foodid` (`foodid`);

--
-- Indexes for table `orders`
--
ALTER TABLE `orders`
  ADD PRIMARY KEY (`orderid`),
  ADD KEY `tables_no` (`tables_no`),
  ADD KEY `bill_no` (`payno`),
  ADD KEY `cusid` (`cusid`),
  ADD KEY `reserv_id` (`reserv_id`),
  ADD KEY `payno_cancel` (`payno_cancel`);

--
-- Indexes for table `payment`
--
ALTER TABLE `payment`
  ADD PRIMARY KEY (`payno`),
  ADD KEY `staffid` (`staffid`),
  ADD KEY `bankid` (`bankid`);

--
-- Indexes for table `reservations`
--
ALTER TABLE `reservations`
  ADD PRIMARY KEY (`reserv_id`),
  ADD KEY `cusid` (`cusid`);

--
-- Indexes for table `reservelist`
--
ALTER TABLE `reservelist`
  ADD PRIMARY KEY (`reservlist_id`),
  ADD KEY `reserv_id` (`reserv_id`),
  ADD KEY `tables_no` (`tables_no`);

--
-- Indexes for table `staff`
--
ALTER TABLE `staff`
  ADD PRIMARY KEY (`staffid`);

--
-- Indexes for table `tables`
--
ALTER TABLE `tables`
  ADD PRIMARY KEY (`tables_no`);

--
-- AUTO_INCREMENT for dumped tables
--

--
-- AUTO_INCREMENT for table `banks`
--
ALTER TABLE `banks`
  MODIFY `bankid` int(5) NOT NULL AUTO_INCREMENT, AUTO_INCREMENT=19;

--
-- AUTO_INCREMENT for table `customers`
--
ALTER TABLE `customers`
  MODIFY `cusid` int(5) NOT NULL AUTO_INCREMENT, AUTO_INCREMENT=157;

--
-- AUTO_INCREMENT for table `foods`
--
ALTER TABLE `foods`
  MODIFY `foodid` int(5) NOT NULL AUTO_INCREMENT, AUTO_INCREMENT=50;

--
-- AUTO_INCREMENT for table `materialdetails`
--
ALTER TABLE `materialdetails`
  MODIFY `matdetailid` int(5) NOT NULL AUTO_INCREMENT;

--
-- AUTO_INCREMENT for table `materials`
--
ALTER TABLE `materials`
  MODIFY `materialid` int(5) NOT NULL AUTO_INCREMENT, AUTO_INCREMENT=18;

--
-- AUTO_INCREMENT for table `orderdetails`
--
ALTER TABLE `orderdetails`
  MODIFY `orderdetid` int(5) UNSIGNED ZEROFILL NOT NULL AUTO_INCREMENT, AUTO_INCREMENT=244;

--
-- AUTO_INCREMENT for table `orders`
--
ALTER TABLE `orders`
  MODIFY `orderid` int(5) UNSIGNED ZEROFILL NOT NULL AUTO_INCREMENT COMMENT 'รหัสการสั่ง', AUTO_INCREMENT=153;

--
-- AUTO_INCREMENT for table `payment`
--
ALTER TABLE `payment`
  MODIFY `payno` int(5) UNSIGNED ZEROFILL NOT NULL AUTO_INCREMENT, AUTO_INCREMENT=81;

--
-- AUTO_INCREMENT for table `reservations`
--
ALTER TABLE `reservations`
  MODIFY `reserv_id` int(5) UNSIGNED ZEROFILL NOT NULL AUTO_INCREMENT COMMENT 'รหัสการจอง', AUTO_INCREMENT=89;

--
-- AUTO_INCREMENT for table `reservelist`
--
ALTER TABLE `reservelist`
  MODIFY `reservlist_id` int(5) UNSIGNED ZEROFILL NOT NULL AUTO_INCREMENT, AUTO_INCREMENT=104;

--
-- AUTO_INCREMENT for table `staff`
--
ALTER TABLE `staff`
  MODIFY `staffid` int(5) NOT NULL AUTO_INCREMENT, AUTO_INCREMENT=52;

--
-- AUTO_INCREMENT for table `tables`
--
ALTER TABLE `tables`
  MODIFY `tables_no` int(5) NOT NULL AUTO_INCREMENT, AUTO_INCREMENT=34;

--
-- Constraints for dumped tables
--

--
-- Constraints for table `materialdetails`
--
ALTER TABLE `materialdetails`
  ADD CONSTRAINT `materialdetails_ibfk_1` FOREIGN KEY (`foodid`) REFERENCES `foods` (`foodid`),
  ADD CONSTRAINT `materialdetails_ibfk_2` FOREIGN KEY (`matterialid`) REFERENCES `materials` (`materialid`);

--
-- Constraints for table `orderdetails`
--
ALTER TABLE `orderdetails`
  ADD CONSTRAINT `orderdetails_ibfk_2` FOREIGN KEY (`foodid`) REFERENCES `foods` (`foodid`),
  ADD CONSTRAINT `orderdetails_ibfk_3` FOREIGN KEY (`orderid`) REFERENCES `orders` (`orderid`) ON DELETE CASCADE ON UPDATE CASCADE;

--
-- Constraints for table `orders`
--
ALTER TABLE `orders`
  ADD CONSTRAINT `orders_ibfk_1` FOREIGN KEY (`cusid`) REFERENCES `customers` (`cusid`),
  ADD CONSTRAINT `orders_ibfk_2` FOREIGN KEY (`tables_no`) REFERENCES `tables` (`tables_no`),
  ADD CONSTRAINT `orders_ibfk_4` FOREIGN KEY (`payno`) REFERENCES `payment` (`payno`),
  ADD CONSTRAINT `orders_ibfk_5` FOREIGN KEY (`reserv_id`) REFERENCES `reservations` (`reserv_id`),
  ADD CONSTRAINT `orders_ibfk_6` FOREIGN KEY (`payno_cancel`) REFERENCES `payment` (`payno`);

--
-- Constraints for table `payment`
--
ALTER TABLE `payment`
  ADD CONSTRAINT `payment_ibfk_1` FOREIGN KEY (`bankid`) REFERENCES `banks` (`bankid`),
  ADD CONSTRAINT `payment_ibfk_2` FOREIGN KEY (`staffid`) REFERENCES `staff` (`staffid`);

--
-- Constraints for table `reservations`
--
ALTER TABLE `reservations`
  ADD CONSTRAINT `reservations_ibfk_1` FOREIGN KEY (`cusid`) REFERENCES `customers` (`cusid`);

--
-- Constraints for table `reservelist`
--
ALTER TABLE `reservelist`
  ADD CONSTRAINT `reservelist_ibfk_1` FOREIGN KEY (`tables_no`) REFERENCES `tables` (`tables_no`),
  ADD CONSTRAINT `reservelist_ibfk_2` FOREIGN KEY (`reserv_id`) REFERENCES `reservations` (`reserv_id`) ON DELETE CASCADE;
COMMIT;

/*!40101 SET CHARACTER_SET_CLIENT=@OLD_CHARACTER_SET_CLIENT */;
/*!40101 SET CHARACTER_SET_RESULTS=@OLD_CHARACTER_SET_RESULTS */;
/*!40101 SET COLLATION_CONNECTION=@OLD_COLLATION_CONNECTION */;
